ID,global_id,Name,ShortName,AdmArea,District,Address,Owner,TestDate,lon,lat
16,25792131,Автомобильная заправочная станция «ДЭКа-ОЙЛ» на 58-м километре Калужского шоссе,Автомобильная заправочная станция «ДЭКа-ОЙЛ» на 58-м километре Калужского шоссе,Троицкий административный округ,поселение Вороновское,58-й километр Калужского шоссе,ООО «ДЭКа-ОЙЛ»,14.05.2015,37.172439523,55.343229037
17,25797283,Автомобильная заправочная станция «НефтеХим Нафта» на 41-м километре Калужского шоссе,АЗС «НефтеХим Нафта» на 41-м километре Калужского шоссе,Троицкий административный округ,поселение Троицк,41-й километр Калужского шоссе,ООО «НефтеХим Нафта»,19.05.2015,37.299622258,55.466529149
18,25797951,"Автомобильная заправочная станция «Зинкин А.Д.» в Зеленограде, на проезде 4807, строение 6","АЗС «Зинкин А.Д.» в Зеленограде, на проезде 4807, строение 6",Зеленоградский административный округ,район Савёлки,"Зеленоград, проезд 4807, строение 6",ИП Зинкин А.Д.,20.05.2015,37.257993959,55.979719171
20,25800062,"Автомобильная заправочная станция «Ресурс-Трейдинг» на Южнопортовой улице, дом 17Д","АЗС «Ресурс-Трейдинг» на Южнопортовой улице, дом 17Д",Юго-Восточный административный округ,район Печатники,"Южнопортовая улица, дом 17Д",ООО «Ресурс-Трейдинг»,26.05.2015,37.702890764,55.704308594
24,61428545,Автомобильная заправочная станция «Трасса» на 57-й километре Киевского шоссе,АЗС «Трасса» на 57-й километре Киевского шоссе,Троицкий административный округ,поселение Киевский,57-й километр Киевского шоссе,ООО «Трасса»,10.11.2015,36.93079754,55.471576448
26,61429466,"Автомобильная заправочная станция «Рэчэлл» на шоссе Пятницком, дом 2","АЗС «Рэчэлл» на шоссе Пятницком, дом 2",Северо-Западный административный округ,район Митино,"шоссе Пятницкое, дом 2",ООО «Рэчэлл»,19.11.2015,37.389048248,55.835045937
35,171586220,Автомобильная заправочная станция ИП Плуталова Ю.А. в поселении Вороновское,АЗС ИП Плуталова Ю.А. в поселении Вороновское,Троицкий административный округ,поселение Вороновское,"поселение Вороновское, ЛМС",ИП Плуталова Ю.А.,05.04.2016,37.187116868,55.323577412
30,282547089,Автомобильная заправочная станция «ИП Сорокин А.В.» на 57-м километре Киевского шоссе,АЗС «ИП Сорокин А.В.» на 57-м километре Киевского шоссе,Троицкий административный округ,поселение Новофедоровское,57-й километр Киевского шоссе,ИП Сорокин А.В. под брендом Энерджи,13.06.2017,36.930755747,55.471612995
31,282547426,"Автомобильная заправочная станция «Компания ЖИГУЛИ» на Шоссейной улице, владение 88","АЗС «Компания ЖИГУЛИ» на Шоссейной улице, владение 88",Юго-Восточный административный округ,район Печатники,"Шоссейная улица, владение 88",ООО «Компания ЖИГУЛИ»,29.11.2016,37.7198169,55.666522446
32,642053791,"Автомобильная заправочная станция «СГС Петролеум» на Мелитопольской улице, дом 7","АЗС «СГС Петролеум» на Мелитопольской улице, дом 7",Южный административный округ,район Бирюлёво Западное,"Мелитопольская улица, дом 7",«СГС Петролеум»,23.08.2017,37.628833181,55.586277988
33,889967961,"Автомобильная заправочная станция «Инвест Капитал» на Симферопольском шоссе, д. 23","Автомобильная заправочная станция «Инвест Капитал» на Симферопольском шоссе, д. 23",Южный административный округ,район Чертаново Южное,"Симферопольское шоссе, д. 23",ООО «Инвест Капитал»,03.07.2018,37.602186309,55.569692819
34,905397008,"Автомобильная заправочная станция «ТиСа» на Шипиловской улице, д. 28","АЗС «ТиСа» на Шипиловской улице, д. 28",Южный административный округ,район Орехово-Борисово Северное,"Шипиловская улица, д. 28",ООО «ТиСа»,14.11.2018,37.714700761,55.619359241
27,1011673957,Автомобильная заправочная станция «ИП Чабанов А.А.» на 34-м км Киевского шоссе,АЗC «ИП Чабанов А.А.» на 34-м км Киевского шоссе,Новомосковский административный округ,поселение Марушкинское,34-й км Киевского шоссе,ИП Чабанов А.А.,16.08.2019,37.23768942,55.579021862
28,1011674116,"Автомобильная заправочная станция «Нефтегазкомплект» на 26-м километре Московской кольцевой автомобильной дороги, владение 10","АЗC «Нефтегазкомплект» на 26-м километре Московской кольцевой автомобильной дороги, владение 10",Южный административный округ,район Бирюлёво Восточное,"26-й километр Московской кольцевой автомобильной дороги, владение 10",ООО «Нефтегазкомплект»,30.08.2019,37.706738028,55.583724529
29,1139074964,"Автомобильная заправочная станция «ЕКА» на Варшавском шоссе, дом 148А","АЗС «ЕКА» на Варшавском шоссе, дом 148А",Южный административный округ,район Чертаново Южное,"Варшавское шоссе, дом 148А",ООО ТК «ЕКА»,16.04.2021,37.603693314,55.60108367
14,4539435,Автомобильный заправочный комплекс № 1 «РН-Москва»,АЗК № 1 «РН-Москва»,Северо-Восточный административный округ,район Отрадное,"улица Декабристов, дом 47Б",ОАО «РН-Москва»,04.04.2013,37.623636836,55.858348644
15,4539436,Автомобильный заправочный комплекс № 11 «РН-Москва»,АЗК № 11 «РН-Москва»,Северный административный округ,Бескудниковский район,"Дубнинская улица, дом 52",ОАО «РН-Москва»,04.04.2013,37.553284632,55.896976741
16,4539437,"Автомобильная заправочная станция «Альфа-Петрол М» на Ясеневой улице, дом 13А","АЗС «Альфа-Петрол М» на Ясеневой улице, дом 13А",Южный административный округ,район Орехово-Борисово Южное,"Ясеневая улица, дом 13А",ООО «Альфа-Петрол М»,09.04.2013,37.725173521,55.602283341
19,4539438,Автомобильная заправочная станция № 18 «ЕКА-АЗС»,АЗС № 18 «ЕКА-АЗС»,Северный административный округ,район Сокол,"улица Панфилова, владение 2",ООО «ЕКА-АЗС»,10.04.2013,37.500852903,55.79859734
20,4539439,Автомобильный заправочный комплекс № 57 «РН-Москва»,АЗК № 57 «РН-Москва»,Юго-Восточный административный округ,Рязанский район,"Рязанский проспект, владение 26, корпус 2",ОАО «РН-Москва»,11.04.2013,37.777492911,55.719633634
21,4539440,Автомобильный заправочный комплекс № 42 «РН-Москва»,АЗК № 42 «РН-Москва»,Восточный административный округ,район Новокосино,"5-й километр Московской Кольцевой Автодороги, владение 6",ОАО «РН-Москва»,11.04.2013,37.840322787,55.738752958
25,4539441,Автомобильный заправочный комплекс № 35 «РН-Москва»,АЗК № 35 «РН-Москва»,Юго-Восточный административный округ,район Выхино-Жулебино,9-й километр Московской Кольцевой Автодороги,ОАО «РН-Москва»,23.04.2013,37.829842142,55.699815626
26,4539442,Автомобильная заправочная станция № 4 «Транс АЗС»,АЗС № 4 «Транс АЗС»,Юго-Восточный административный округ,Рязанский район,"Рязанский проспект, владение 14, строение 4",ЗАО «Транс АЗС»,24.04.2013,37.763432493,55.724371606
36,4539443,Автомобильный заправочный комплекс № 4 «Валар»,АЗК № 4 «Валар»,Восточный административный округ,район Гольяново,"Монтажная улица, дом 3А,строение 1",ООО «Валар»,21.05.2013,37.769066844,55.817619434
38,4539444,"Автомобильная заправочная станция «ТД «Нефтьмагистраль» на Волгоградском проспекте, владение 26","АЗС «ТД «Нефтьмагистраль» на Волгоградском проспекте, владение 26",Юго-Восточный административный округ,Южнопортовый район,"Волгоградский проспект, владение 26",ООО «ТД «Нефтьмагистраль»,22.05.2013,37.679158219,55.727399406
39,4539445,"Автомобильная заправочная станция «Валар» на 39-м километре Московской Кольцевой Автодороги, владение 1, строение 1","АЗС «Валар» на 39-м километре Московской Кольцевой Автодороги, владение 1, строение 1",Юго-Западный административный округ,район Ясенево,"39-й километр Московской Кольцевой Автодороги, владение 1, строение 1",ООО «Валар»,26.05.2013,37.507306387,55.59798008
45,4539446,"Автомобильная заправочная станция «ТК «Новаторрус-Инвест» на Сельскохозяйственной улице, владение 40","АЗС «ТК «Новаторрус-Инвест» на Сельскохозяйственной улице, владение 40",Северо-Восточный административный округ,район Свиблово,"Сельскохозяйственная улица, владение 40",ОАО «ТК «Новаторрус-Инвест»,25.06.2013,37.436159316,55.678144384
47,4539447,Автомобильная заправочная станция № 23 «Транс АЗС»,АЗС № 23 «Транс АЗС»,Восточный административный округ,район Ивановское,"1-й километр Московской Кольцевой Автодороги, строение 2А",ЗАО «Транс АЗС»,12.07.2013,37.84228104,55.775316384
52,4539448,"Автомобильная заправочная станция «САГАН» на Симферопольском шоссе, дом 9","АЗС «САГАН» на Симферопольском шоссе, дом 9",Новомосковский административный округ,поселение Щербинка,"Симферопольское шоссе, дом 9",ООО «САГАН»,08.08.2013,37.562133135,55.507169411
1,4539449,Автомобильная заправочная станция № 450 «ЕТ-АЗС»,АЗС № 450 «ЕТ-АЗС»,Северо-Восточный административный округ,район Северное Медведково,"Полярная улица, владение 37В",ООО «ЕТ-АЗС»,22.01.2013,37.645021333,55.890456812
3,4539450,Автомобильная заправочная станция № 14 «ТК Нефтепродуктсервис»,АЗС № 14 «ТК Нефтепродуктсервис»,Северо-Восточный административный округ,район Северное Медведково,"Осташковская улица, владение 18А",ООО «ТК Нефтепродуктсервис»,25.02.2013,37.677154346,55.885477897
5,4539451,Автомобильная заправочная станция № 4 «Сокол»,АЗС № 4 «Сокол»,Юго-Западный административный округ,район Ясенево,39-й километр Московской Кольцевой Автодороги,ООО «Сокол»,26.02.2013,37.502687094,55.599601517
6,4539452,Автомобильная заправочная станция № 3 «ТК НИКОЙЛ»,АЗС № 3 «ТК НИКОЙЛ»,Юго-Западный административный округ,район Северное Бутово,"улица Поляны, владение 12",ООО «ТК НИКОЙЛ»,14.03.2013,37.555990431,55.563991008
11,4539453,Автомобильная заправочная станция № 28 «ЕКА-АЗС»,АЗС № 28 «ЕКА-АЗС»,Юго-Западный административный округ,район Зюзино,"Балаклавский проспект, дом 30",ООО «ЕКА-АЗС»,21.03.2013,37.586002882,55.644136874
17,4539454,Многофункциональная автомобильная заправочная станция № 9 «НГК «Интеройл»,МАЗС № 9 «НГК «Интеройл»,Северо-Западный административный округ,район Митино,"улица Зенитчиков, дом 7",ООО «НГК «Интеройл»,09.04.2013,37.348160625,55.83464643
22,4539455,Автомобильный заправочный комплекс № 43 «РН-Москва»,АЗК № 43 «РН-Москва»,Юго-Восточный административный округ,район Выхино-Жулебино,"8-й километр Московской Кольцевой Автодороги, владение 2",ОАО «РН-Москва»,11.04.2013,37.837069712,55.714586745
23,4539456,Автомобильная заправочная станция № 98 «Газпромнефть-Центр»,АЗС № 98 «Газпромнефть-Центр»,Северный административный округ,район Аэропорт,"Ленинградский проспект, владение 45А",ООО «Газпромнефть-Центр»,17.04.2013,37.534813255,55.798567555
27,4539457,"Автомобильная заправочная станция «Шелл Нефть» на Волгоградском проспекте, владение 79","АЗС «Шелл Нефть» на Волгоградском проспекте, владение 79",Юго-Восточный административный округ,район Текстильщики,"Волгоградский проспект, владение 79",ООО «Шелл Нефть»,26.04.2013,37.74443319,55.708732637
29,4539458,Автомобильная заправочная станция № 116 «Валар»,АЗС № 116 «Валар»,Западный административный округ,район Филёвский Парк,"Большая Филёвская улица, дом 5А",ООО «Валар»,14.05.2013,37.509849937,55.751312197
31,4539459,Автомобильный заправочный комплекс № 5 «Валар»,АЗК № 5 «Валар»,Юго-Западный административный округ,район Северное Бутово,"Куликовская улица, дом 2, строение 1",ООО «Валар»,14.05.2013,37.569626009,55.577634382
33,4539460,Автомобильная заправочная станция № 16 «Валар»,АЗС № 16 «Валар»,Новомосковский административный округ,поселение Сосенское,36-й километр Калужского шоссе,ООО «Валар»,16.05.2013,37.331167099,55.497206082
34,4539461,Автомобильный заправочный комплекс № 8 «Валар»,АЗК № 8 «Валар»,Восточный административный округ,район Богородское,"улица Богородский Вал, дом 3А, строение 1",ООО «Валар»,21.05.2013,37.706228701,55.803436984
35,4539462,Автомобильный заправочный комплекс № 9 «Валар»,АЗК № 9 «Валар»,Восточный административный округ,район Богородское,"Открытое шоссе, дом 14Г, строение 1",ООО «Валар»,21.05.2013,37.73783065,55.814153559
42,4539463,"Автомобильная заправочная станция «Механизация-2» на Южнопортовой улице, дом 17Б","АЗС «Механизация-2» на Южнопортовой улице, дом 17Б",Юго-Восточный административный округ,район Печатники,"Южнопортовая улица, дом 17Б",ОАО «Механизация-2»,11.06.2013,37.704265313,55.704033286
44,4539464,Автомобильная заправочная станция № 777 «ТК «Новаторрус-Инвест»,АЗС № 777 «ТК «Новаторрус-Инвест»,Юго-Восточный административный округ,район Печатники,"Шоссейная улица, дом 1, владение 10",ОАО «ТК «Новаторрус-Инвест»,25.06.2013,37.727229499,55.70946007
46,4539465,"Автомобильная заправочная станция «ТК «Новаторрус-Инвест» на Ярославском шоссе, владение 47","АЗС «ТК «Новаторрус-Инвест» на Ярославском шоссе, владение 47",Северо-Восточный административный округ,Ярославский район,"Ярославское шоссе, владение 47",ОАО «ТК «Новаторрус-Инвест»,25.06.2013,37.687162299,55.859398522
49,4539466,"Автомобильная заправочная станция «Галерея ВИП ТУР» на Волжском бульваре, дом 53, владение 1","АЗС «Галерея ВИП ТУР» на Волжском бульваре, дом 53, владение 1",Юго-Восточный административный округ,Рязанский район,"Волжский бульвар, дом 53, владение 1",ООО «Галерея ВИП ТУР»,01.08.2017,37.765630926,55.693323223
50,4539467,"Автомобильный заправочный комплекс «ТНК-Столица» на Рябиновой улице, владение 56","АЗК «ТНК-Столица» на Рябиновой улице, владение 56",Западный административный округ,район Очаково-Матвеевское,"Рябиновая улица, владение 56",ОАО «ТНК-Столица»,06.08.2013,37.430901906,55.670551294
53,4539468,Автомобильная заправочная станция «ВэСКа» на 78-м километре Московской Кольцевой Автодороги,АЗС «ВэСКа» на 78-м километре Московской Кольцевой Автодороги,Северный административный округ,район Западное Дегунино,78-й километр Московской Кольцевой Автодороги,ООО «ВэСКа»,12.08.2013,37.488375059,55.88951399
58,4539469,"Автомобильная заправочная станция № 1 «Сервис ФСП» на Краснобогатырской улице, владение 22","АЗС № 1 «Сервис ФСП» на Краснобогатырской улице, владение 22",Восточный административный округ,район Богородское,"Краснобогатырская улица, владение 22",ООО «Сервис ФСП»,20.05.2014,37.698232341,55.811990354
59,4539470,"Автомобильная заправочная станция «ТНК-Столица» на Юрловском проезде, владение 8-12","АЗС «ТНК-Столица» на Юрловском проезде, владение 8-12",Северо-Восточный административный округ,район Отрадное,"Юрловский проезд, владение 8-12",ОАО «ТНК-Столица»,02.09.2013,37.62303446,55.868762691
61,4539471,"Автомобильная заправочная станция «Альфа-Петрол-Л» на Анадырском проезде, владение 20","АЗС «Альфа-Петрол-Л» на Анадырском проезде, владение 20",Северо-Восточный административный округ,Лосиноостровский район,"Анадырский проезд, владение 20",ООО «Альфа-Петрол-Л»,10.11.2017,37.712894784,55.881856413
63,4539472,"Автомобильная заправочная станция «Софразвитие» на Рябиновой улице, дом 67, сооружение 1","АЗС «Софразвитие» на Рябиновой улице, дом 67, сооружение 1",Западный административный округ,район Очаково-Матвеевское,"Рябиновая улица, дом 67, сооружение 1",ООО «Софразвитие»,10.09.2013,37.436170258,55.678157784
72,4539473,Автомобильная заправочная станция № 83 «Валар»,АЗС № 83 «Валар»,Центральный административный округ,район Хамовники,"улица Хамовнический Вал, владение 40, строение 1",ООО «Валар»,15.10.2013,37.549963943,55.727191201
75,4539474,Автомобильная заправочная станция № 1 «Меркурий»,АЗС № 1 «Меркурий»,Северо-Западный административный округ,район Покровское-Стрешнево,"Волоколамское шоссе, дом 132",ЗАО фирма «Меркурий»,07.11.2013,37.400483178,55.832316111
80,4539475,Автомобильная заправочная станция № 12 «Компания ТРАССА»,АЗС № 12 «Компания ТРАССА»,Новомосковский административный округ,поселение Внуковское,деревня Рассказовка,ООО «Компания ТРАССА»,14.04.2017,37.323510364,55.631960083
86,4539476,"Автомобильная заправочная станция «АВИС-АМ» на 32-м километре Московской Кольцевой Автодороги, владение 7","АЗС «АВИС-АМ» на 32-м километре Московской Кольцевой Автодороги, владение 7",Южный административный округ,район Чертаново Южное,"32-й километр Московской Кольцевой Автодороги, владение 7",ООО «АВИС-АМ»,14.11.2017,37.60465412,55.574991233
87,4539477,Многофункциональный автомобильный заправочный комплекс «Бутово» «Петрол Комплекс Эквипмент Кампани»,МАЗК «Бутово» «Петрол Комплекс Эквипмент Кампани»,Юго-Западный административный округ,район Северное Бутово,"Старобитцевская улица, дом 2, строение 1",ЗАО «Петрол Комплекс Эквипмент Кампани»,30.01.2014,37.59188503,55.568406461
91,4539478,"Автомобильная заправочная станция «Приоритет» на улице Академика Ильюшина, дом 19Б","АЗС «Приоритет» на улице Академика Ильюшина, дом 19Б",Северный административный округ,район Аэропорт,"улица Академика Ильюшина, дом 19Б",ЗАО КХК «Приоритет»,25.02.2014,37.547987062,55.807004295
93,4539479,Автомобильная заправочная станция № 49 «Татнефть-АЗС-Запад»,АЗС № 49 «Татнефть-АЗС-Запад»,Западный административный округ,Можайский район,"улица Красных Зорь, строение 12",ООО «Татнефть-АЗС-Запад»,04.03.2014,37.426372804,55.726533635
98,4539480,Многофункциональный автомобильный заправочный комплекс «Северянин» «Петрол Комплекс Эквипмент Кампани»,МАЗК «Северянин» «Петрол Комплекс Эквипмент Кампани»,Северо-Восточный административный округ,Ярославский район,"Ярославское шоссе, владение 3, строение 2",ЗАО «Петрол Комплекс Эквипмент Кампани»,05.03.2014,37.67661929,55.851750788
101,4539481,Автомобильная заправочная станция № 234 «Татнефть-АЗС-Запад»,АЗС № 234 «Татнефть-АЗС-Запад»,Юго-Восточный административный округ,район Печатники,"2-я улица Машиностроения, владение 8",ООО «Татнефть-АЗС-Запад»,06.03.2014,37.684313527,55.716086824
103,4539482,Автомобильная заправочная станция № 246 «Татнефть-АЗС-Запад»,АЗС № 246 «Татнефть-АЗС-Запад»,Юго-Восточный административный округ,Нижегородский район,"Рязанский проспект, владение 2",ООО «Татнефть-АЗС-Запад»,06.03.2014,37.727882551,55.729742392
104,4539483,Автомобильная заправочная станция № 122 «Валар»,АЗС № 122 «Валар»,Западный административный округ,Можайский район,"Можайское шоссе, владение 58",ООО «Валар»,11.03.2014,37.396399697,55.715466504
105,4539484,Многофункциональный автомобильный заправочный комплекс «Спасская» «Петрол Комплекс Эквипмент Кампани»,МАЗК «Спасская» «Петрол Комплекс Эквипмент Кампани»,Северо-Западный административный округ,район Строгино,"65-й километр Московской Кольцевой Автодороги, владение 1",ЗАО «Петрол Комплекс Эквипмент Кампани»,11.03.2014,37.387141273,55.81223743
109,4539485,Автомобильная заправочная станция № 82 «Татнефть-АЗС-Запад»,АЗС № 82 «Татнефть-АЗС-Запад»,Восточный административный округ,район Ивановское,"1-й километр Московской Кольцевой Автодороги, владение 2",ООО «Татнефть-АЗС-Запад»,12.03.2014,37.842285524,55.767508943
110,4539486,Автомобильная заправочная станция № 84 «Татнефть-АЗС-Запад»,АЗС № 84 «Татнефть-АЗС-Запад»,Восточный административный округ,район Ивановское,"шоссе Энтузиастов, дом 92Г",ООО «Татнефть-АЗС-Запад»,12.03.2014,37.821316963,55.771406407
112,4539487,Многофункциональный автомобильный заправочный комплекс «Котловка» «Петрол Комплекс Эквипмент Кампани»,МАЗК «Котловка» «Петрол Комплекс Эквипмент Кампани»,Юго-Западный административный округ,район Котловка,"Севастопольский проспект, дом 8",ЗАО «Петрол Комплекс Эквипмент Кампани»,13.03.2014,37.603802694,55.689003026
114,4539488,Многофункциональный автомобильный заправочный комплекс «Профсоюзная» «Петрол Комплекс Эквипмент Кампани»,МАЗК «Профсоюзная» «Петрол Комплекс Эквипмент Кампани»,Юго-Западный административный округ,район Коньково,"Профсоюзная улица, дом 84А",ЗАО «Петрол Комплекс Эквипмент Кампани»,13.03.2014,37.536030891,55.655059237
117,4539489,Автомобильная заправочная станция № 2 «Аванти МТА»,АЗС № 2 «Аванти МТА»,Северо-Западный административный округ,район Митино,"Пятницкое шоссе, владение 20",ООО «Аванти МТА»,18.03.2014,37.380411747,55.844237066
118,4539490,Автомобильная заправочная станция № 31 «СБС»,АЗС № 31 «СБС»,Северо-Восточный административный округ,Алексеевский район,"улица Космонавтов, владение 19",ООО Компания «СБС»,31.03.2014,37.662039651,55.821499372
120,4539491,Автомобильная заправочная станция № 1 «Сокол»,АЗС № 1 «Сокол»,Новомосковский административный округ,поселение Московский,32-й километр Калужского шоссе,ООО «Сокол»,10.04.2014,37.347765848,55.509461494
126,4539492,"Автомобильная заправочная станция «Фирма ОЛА» на Минской улице, дом 4 А","АЗС «Фирма ОЛА» на Минской улице, дом 4А",Западный административный округ,район Филёвский Парк,"Минская улица, дом 4А",ООО «Фирма ОЛА»,13.05.2014,37.488756922,55.734147305
128,4539493,"Автомобильна заправочная станция № 566 «Лукойл-Центрнефтепродукт» на 109 километре МКАД, владение 14","АЗС № 566 «Лукойл-Центрнефтепродукт» на 109 километре МКАД, владение 14",Восточный административный округ,район Ивановское,"109 километр МКАД, владение 14",ООО «Лукойл-Центрнефтепродукт»,03.06.2014,37.841226858,55.780179339
132,4539494,"Автомобильная заправочная станция «Эконефтепродукт» на Волоколамском шоссе, владение 101","АЗС «Эконефтепродукт» на Волоколамском шоссе, вледение 101",Северо-Западный административный округ,район Покровское-Стрешнево,"Волоколамское шоссе, владение 101",ООО «Эконефтепродукт»,26.06.2014,37.397957271,55.831314537
134,4539495,Автомобильная заправочная станция «Сокол» в посёлке Коммунарка,АЗС «Сокол» в посёлке Коммунарка,Новомосковский административный округ,поселение Сосенское,посёлок Коммунарка поселение Сосенское,ООО «Сокол»,01.07.2014,37.471939531,55.576608257
137,4539496,"Автомобильная заправочная станция «Приоритет - World» на Дмитровском шоссе, дом 64, корпус. 6, строение 1","АЗС «Приоритет - World» на Дмитровском шоссе, дом 64, корпус. 6, строение 1",Северный административный округ,Бескудниковский район,"Дмитровское шоссе, дом 64, корпус. 6, строение 1",ЗАО коммерческо-холдинговая компания «Приоритет - World»,14.08.2014,37.563406429,55.854366044
140,4539497,"Автомобильная заправочная станция «Луч» на улице Маршала Прошлякова, дом 12, корпус 4","АЗС «Луч» на улице Маршала Прошлякова, дом 12, корпус 4",Северо-Западный административный округ,район Строгино,"улица Маршала Прошлякова, дом 12, корпус 4",ООО «Луч»,11.09.2020,37.392020956,55.792140569
2,4539498,Автомобильная заправочная станция № 15 «ТК Нефтепродуктсервис»,АЗС № 15 «ТК Нефтепродуктсервис»,Восточный административный округ,район Вешняки,"Кетчерская улица, дом 5",ООО «ТК Нефтепродуктсервис»,25.02.2013,37.830191299,55.745994649
4,4539499,Автомобильная заправочная станция № 3 «Сокол»,АЗС № 3 «Сокол»,Новомосковский административный округ,поселение Сосенское,35-й километр Калужского шоссе,ООО «Сокол»,26.02.2013,37.32283886,55.486430421
7,4539500,Автомобильный заправочный комплекс № 3 «РН-Москва»,АЗК № 3 «РН-Москва»,Северо-Восточный административный округ,район Бибирево,"улица Пришвина, владение 6А",ОАО «РН-Москва»,19.03.2013,37.593294373,55.889373579
9,4539501,Автомобильная заправочная станция № 12 «Транс АЗС»,АЗС № 12 «Транс АЗС»,Южный административный округ,Даниловский район,"Крутицкая набережная, дом 13А",ЗАО «Транс АЗС»,21.03.2013,37.658673897,55.721296757
10,4539502,Автомобильная заправочная станция № 47 «Газпромнефть-Центр»,АЗС № 47 «Газпромнефть-Центр»,Западный административный округ,район Проспект Вернадского,"Ленинский проспект, дом 142А",ООО «Газпромнефть-Центр»,21.03.2013,37.504903394,55.665662173
12,4539503,Автомобильная заправочная станция № 138 «Газпромнефть-Центр»,АЗС № 138 «Газпромнефть-Центр»,Северо-Восточный административный округ,Алтуфьевский район,"Алтуфьевское шоссе, владение 10Б",ООО «Газпромнефть-Центр»,28.03.2013,37.588443083,55.907435972
54,4539504,"Автомобильная заправочная станция «ВэСКа» на Краснополянской улице, дом 1","АЗС «ВэСКа» на Краснополянской улице, дом 1",Северный административный округ,район Западное Дегунино,"Краснополянская улица, дом 1",ООО «ВэСКа»,12.08.2013,37.484111609,55.884496779
55,4539505,"Автомобильная заправочная станция «Компания ТРАССА» на 43-м километре Калужского шоссе, строение 2","АЗС «Компания ТРАССА» на 43-м километре Калужского шоссе, строение 2",Троицкий административный округ,поселение Краснопахорское,"43-й километр Калужского шоссе, строение 2",ООО «Компания ТРАССА»,18.04.2017,37.295262137,55.455567914
56,4539506,"Автомобильная заправочная станция «Транссервис-А.С.» на Краснохоломской набережной, владение 13А","АЗС «Транссервис-А.С.» на Краснохоломской набережной, владение 13А",Центральный административный округ,Таганский район,"Краснохолмская набережная, владение 13А",ООО «Транссервис-А.С.»,22.08.2013,37.65162697,55.732523923
57,4539507,"Автомобильная заправочная станция «ОЙЛ-ТРАСТ» на 35-м километре Московской Кольцевой Автодороги, владение 6","АЗС «ОЙЛ-ТРАСТ» на 35-м километре Московской Кольцевой Автодороги, владение 6",Юго-Западный административный округ,район Ясенево,"35-й километр Московской Кольцевой Автодороги, владение 6",ООО «ОЙЛ-ТРАСТ»,29.08.2013,37.533901119,55.590700856
62,4539508,Автомобильная заправочная станция № 520 «Лукойл-ЦНП»,АЗС № 520 «Лукойл-ЦНП»,Юго-Восточный административный округ,район Текстильщики,"Грайвороновская улица, дом 1",ООО «Лукойл-ЦНП»,10.09.2013,37.725192935,55.716212549
67,4539509,"Автомобильная заправочная станция «Россервис» на Можайском шоссе, владение 55","АЗС «Россервис» на Можайском шоссе, владение 55",Западный административный округ,Можайский район,"Можайское шоссе, владение 55",ООО «Россервис»,26.09.2013,37.39072446,55.713899517
68,4539510,Автомобильная заправочная станция № 18 «АЗС-Регион»,АЗС № 18 «АЗС-Регион»,Троицкий административный округ,поселение Троицк,"город Троицк, микрорайон В, дом 63",ООО «АЗС-Регион»,01.10.2013,37.421644589,55.388155237
71,4539511,Автомобильная заправочная станция № 597 «Лукойл-ЦНП»,АЗС № 597 «Лукойл-ЦНП»,Южный административный округ,Нагорный район,"Варшавское шоссе, владение 24А",ООО «Лукойл-ЦНП»,08.10.2013,37.622249447,55.686074509
76,4539512,Автомобильная заправочная станция № 3 «Меркурий»,АЗС № 3 «Меркурий»,Северо-Западный административный округ,район Митино,"Пятницкое шоссе, дом 1",ЗАО фирма «Меркурий»,12.11.2013,37.387150508,55.835361727
78,4539513,Автомобильная заправочная станция № 2 «Меркурий»,АЗС № 2 «Меркурий»,Северо-Западный административный округ,район Северное Тушино,"71-й километр Московской Кольцевой Автодороги, владение 9",ЗАО фирма «Меркурий»,12.11.2013,37.400807447,55.863878586
79,4539514,"Автомобильная заправочная станция «Альянс» на Варшавском шоссе, владение 206А, строение 1","АЗС «Альянс» на Варшавском шоссе, владение 206А, строение 1",Юго-Западный административный округ,район Южное Бутово,"Варшавское шоссе, владение 206А, строение 1",ООО «Альянс»,14.11.2013,37.581753246,55.535892209
82,4539515,Автомобильная заправочная станция № 6 «Компания ТРАССА»,АЗС № 6 «Компания ТРАССА»,Новомосковский административный округ,поселение Московский,37-й километр Киевского шоссе,ООО «Компания ТРАССА»,14.04.2017,37.185201973,55.566168411
83,4539516,Автомобильная заправочная станция «Фортекс»,АЗС № 6 «Фортекс»,Южный административный округ,район Бирюлёво Восточное,"Загорьевский проезд, владение 12",ООО «Фортекс»,24.08.2021,37.684361315,55.577708373
89,4539517,"Автомобильная заправочная станция «Транссервис-А.С.» на Гончарной набережной, владение 9, строение 2","АЗС «Транссервис-А.С.» на Гончарной набережной, владение 9, строение 2",Центральный административный округ,Таганский район,"Гончарная набережная, владение 9, строение 2",ООО «Транссервис-А.С.»,06.02.2014,37.64867806,55.737476589
92,4539518,Автомобильная заправочная станция № 235 «Татнефть-АЗС-Запад»,АЗС № 235 «Татнефть-АЗС-Запад»,Западный административный округ,район Фили-Давыдково,"Кутузовский проспект, владение 72",ООО «Татнефть-АЗС-Запад»,04.03.2014,37.462253205,55.727201169
94,4539519,Автомобильная заправочная станция № 208 «Татнефть-АЗС-Запад»,АЗС № 208 «Татнефть-АЗС-Запад»,Западный административный округ,Можайский район,"улица Маршала Неделина, владение 18",ООО «Татнефть-АЗС-Запад»,04.03.2014,37.410815772,55.725589334
96,4539520,Многофункциональный автомобильный заправочный комплекс «Медведково» «Петрол Комплекс Эквипмент Кампани»,МАЗК «Медведково» «Петрол Комплекс Эквипмент Кампани»,Северо-Восточный административный округ,район Бибирево,"87-й километр Московской Кольцевой Автодороги, владение 14",ЗАО «Петрол Комплекс Эквипмент Кампани»,05.03.2014,37.631543392,55.898484041
97,4539521,Многофункциональный автомобильный заправочный комплекс «Гольяново» «Петрол Комплекс Эквипмент Кампани»,МАЗК «Гольяново» «Петрол Комплекс Эквипмент Кампани»,Восточный административный округ,район Гольяново,"102-й километр Московской Кольцевой Автодороги, владение 20",ЗАО «Петрол Комплекс Эквипмент Кампани»,05.03.2014,37.833560979,55.825223835
99,4539522,Многофункциональный автомобильный заправочный комплекс «Саяны» «Петрол Комплекс Эквипмент Кампани»,МАЗК «Саяны» «Петрол Комплекс Эквипмент Кампани»,Северо-Восточный административный округ,Ярославский район,"Ярославское шоссе, владение 116",ЗАО «Петрол Комплекс Эквипмент Кампани»,05.03.2014,37.708603064,55.867754719
100,4539523,Автомобильная заправочная станция № 261 «Татнефть-АЗС-Запад»,АЗС № 261 «Татнефть-АЗС-Запад»,Центральный административный округ,район Замоскворечье,"Жуков проезд, владение 15А",ООО «Татнефть-АЗС-Запад»,06.03.2014,37.638492032,55.723309394
108,4539524,Автомобильная заправочная станция № 85 «Татнефть-АЗС-Запад»,АЗС № 85 «Татнефть-АЗС-Запад»,Восточный административный округ,район Новокосино,4-й километр Московской Кольцевой Автодороги,ООО «Татнефть-АЗС-Запад»,12.03.2014,37.842568648,55.744847476
116,4539525,Автомобильная заправочная станция № 1 «Аванти МТА»,АЗС № 1 «Аванти МТА»,Северо-Западный административный округ,район Щукино,"улица Берзарина, дом 26, корпус 1",ООО «Аванти МТА»,18.03.2014,37.476602651,55.788891757
122,4539526,Автомобильная заправочная станция № 7 «Транссервис-А.С.»,АЗС № 7 «Транссервис-А.С.»,Центральный административный округ,Таганский район,"Волгоградский проспект, владение 1",ООО «Транссервис-А.С.»,15.04.2014,37.670913532,55.73191366
123,4539527,"Автомобильная заправочная станция «Транссервис-А.С.» на Пролетарском проспекте, владение 30А","АЗС «Транссервис-А.С.» на Пролетарском проспекте, владение 30А",Южный административный округ,район Царицыно,"Пролетарский проспект, владение 30А",ООО «Транссервис-А.С.»,17.04.2014,37.660218958,55.630860476
124,4539528,"Автомобильная заправочная станция «Вектор» на Пятницком шоссе, дом 2","АЗС «Вектор» на Пятницком шоссе, дом 2",Северо-Западный административный округ,район Митино,"Пятницкое шоссе, дом 2",ООО «Вектор»,22.04.2014,37.389070188,55.835072159
125,4539529,"Автомобильная заправочная станция «Фортекс» на Алтуфьевском шоссе, дом 77Б","АЗС «Фортекс» на Алтуфьевском шоссе, дом 77Б",Северо-Восточный административный округ,Алтуфьевский район,"Алтуфьевское шоссе, дом 77Б",ООО «Фортекс»,24.04.2014,37.585916559,55.877133103
130,4539530,"Автомобильная заправочная станция «Академическая» на проспекте 60-ти летия Октября, владение 8, строение 1","АЗС «Академическая» на проспекте 60-ти летия Октября, владение 8, строение 1",Юго-Западный административный округ,Академический район,"проспект 60-ти летия Октября, владение 8, строение 1",ОАО «РН-Столица»,19.06.2014,37.577528309,55.698053356
135,4539531,"Автомобильная заправочная станция «Приоритет - World» на Южнопортовой улице, дом 19Б","АЗС «Приоритет - World» на Южнопортовой улице, дом 19Б",Юго-Восточный административный округ,район Печатники,"Южнопортовая улица, дом 19Б",ЗАО коммерческо-холдинговая компания «Приоритет - World»,14.08.2014,37.703003158,55.706519154
138,4539532,"Автомобильная заправочная станция ПКП «КАРТЕКС» на улице Садовники, дом 11А, строение 1","АЗС ПКП «КАРТЕКС» на улице Садовники, дом 11А, строение 1",Южный административный округ,район Нагатино-Садовники,"улица Садовники, дом 11А, строение 1",ООО ПКП «КАРТЕКС»,21.08.2014,37.656459282,55.674143414
142,4539533,"Автомобильная заправочная станция «Нефтьмагистраль» на Южнопортовой улице, дом 38Б","АЗС «Нефтьмагистраль» на Южнопортовой улице, дом 38Б",Юго-Восточный административный округ,район Печатники,"Южнопортовая улица, дом 38Б",ООО «ТД Нефтьмагистраль»,30.09.2014,37.709285579,55.6980398
8,4539534,"Автомобильная заправочная станция «Авто-Сервис» на 3-й Парковой улице, дом 55","АЗС «Авто-Сервис» на 3-й Парковой улице, дом 55",Восточный административный округ,район Северное Измайлово,"3-я Парковая улица, дом 55",ООО «Авто-Сервис»,19.03.2013,37.780994024,55.805000812
13,4539535,Автомобильный заправочный комплекс № 2 «РН-Москва»,АЗК № 2 «РН-Москва»,Северо-Восточный административный округ,Алтуфьевский район,"Алтуфьевское шоссе, владение 19",ОАО «РН-Москва»,04.04.2013,37.580619249,55.855706864
18,4539536,Автомобильная заправочная станция № 544 «Лукойл-Центрнефтепродукт»,АЗС № 544 «Лукойл-Центрнефтепродукт»,Северный административный округ,район Сокол,"улица Зорге, дом 23, сооружение 1",ООО «Лукойл-Центрнефтепродукт»,10.04.2013,37.50411126,55.794532282
24,4539537,Автомобильный заправочный комплекс № 76 «РН-Москва»,АЗК № 76 «РН-Москва»,Юго-Восточный административный округ,район Люблино,11-й километр Московской Кольцевой Автодороги,ОАО «РН-Москва»,23.04.2013,37.829033361,55.689510059
28,4539538,Автомобильная заправочная станция № 104 «Газпромнефть-Центр»,АЗС № 104 «Газпромнефть-Центр»,Юго-Западный административный округ,Академический район,"улица Дмитрия Ульянова, дом 9А",ООО «Газпромнефть-Центр»,29.04.2013,37.56620694,55.690804673
30,4539539,Автомобильный заправочный комплекс № 7 «Валар»,АЗК № 7 «Валар»,Юго-Западный административный округ,район Котловка,"Нахимовский проспект, дом 10, строение 1",ООО «Валар»,14.05.2013,37.597693799,55.666266608
37,4539540,Автомобильный заправочный комплекс № 6 «Валар»,АЗК № 6 «Валар»,Восточный административный округ,район Соколиная Гора,"улица Уткина, дом 45Б",ООО «Валар»,21.05.2013,37.745069237,55.761199855
40,4539541,Автомобильная заправочная станция «Буран-Петрол» на 58-м километре Калужского шоссе,АЗС «Буран-Петрол» на 58-м километре Калужского шоссе,Троицкий административный округ,поселение Вороновское,58-й километр Калужского шоссе,ООО «Буран-Петрол»,26.03.2021,37.165233582,55.328611205
41,4539542,"Автомобильная заправочная станция «Кузин А.А.» на Симферопольском шоссе, владение 1, строение 1","АЗС «Кузин А.А.» на Симферопольском шоссе, владение 1, строение 1",Новомосковский административный округ,поселение Щербинка,"Симферопольское шоссе, владение 1, строение 1",ИП Кузин А.А.,28.05.2013,37.739721028,55.802967736
43,4539543,"Автомобильная заправочная станция «Альфа-Петрол» на улице Генерала Белобородова, строение 40","АЗС «Альфа-Петрол» на улице Генерала Белобородова, строение 40",Северо-Западный административный округ,район Митино,"улица Генерала Белобородова, строение 40",ООО «Альфа-Петрол»,11.06.2013,37.353288254,55.826171414
48,4539544,Автомобильная заправочная станция «Бондаренко А.В.» на 34-м километре Киевского шоссе,АЗС «Бондаренко А.В.» на 34-м километре Киевского шоссе,Новомосковский административный округ,поселение Московский,34-й километр Киевского шоссе,ИП Бондаренко А.В.,12.07.2013,37.237668087,55.579029895
51,4539545,"Автомобильная заправочная станция «САГАН» на Симферопольском шоссе, владение 16А","АЗС «САГАН» на Симферопольском шоссе, владение 16А",Новомосковский административный округ,поселение Щербинка,"Симферопольское шоссе, владение 16А",ООО «САГАН»,08.08.2013,37.558711882,55.501879196
60,4539546,"Автомобильная заправочная станция «Нефтепродуктсервис» на Осташковской улице, владение 18А","АЗС «Нефтепродуктсервис» на Осташковской улице, владение 18А",Северо-Восточный административный округ,район Северное Медведково,"Осташковская улица, владение 18А",ООО «Нефтепродуктсервис»,02.09.2013,37.677140127,55.88549535
64,4539547,Автомобильная заправочная станция «АЗС-Регион» в деревне Троицкое,АЗС «АЗС-Регион» в деревне Троицкое,Троицкий административный округ,поселение Щаповское,деревня Троицкое,ООО «АЗС-Регион»,12.09.2013,37.425989153,55.391235658
65,4539548,Автомобильная заправочная станция № 11 «ОЙЛ-ТРАСТ»,АЗС № 11 «ОЙЛ-ТРАСТ»,Западный административный округ,район Очаково-Матвеевское,"52-й километр Московской Кольцевой Автодороги, владение 4",ООО «ОЙЛ-ТРАСТ»,26.09.2013,37.401775714,55.700518202
66,4539549,"Автомобильная заправочная станция «Интертрест-Ойл» на 53-м километре Московской Кольцевой Автодороги, владение 6Б","АЗС «Интертрест-Ойл» на 53-м километре Московской Кольцевой Автодороги, владение 6Б",Западный административный округ,Можайский район,"53-й километр Московской Кольцевой Автодороги, владение 6Б",ООО «Интертрест-Ойл»,26.09.2013,37.39460262,55.706562999
70,4539550,Автомобильная заправочная станция «Спрут» в деревне Ясенки,АЗС «Спрут» в деревне Ясенки,Троицкий административный округ,поселение Вороновское,деревня Ясенки,ООО «Спрут»,08.10.2013,37.117947533,55.273968414
73,4539551,Автомобильная заправочная станция № 5 «Меркурий»,АЗС № 5 «Меркурий»,Северо-Западный административный округ,район Южное Тушино,"Походный проезд, дом 12",ЗАО фирма «Меркурий»,07.11.2013,37.415855028,55.837607209
74,4539552,Автомобильная заправочная станция № 4 «Меркурий»,АЗС № 4 «Меркурий»,Северо-Западный административный округ,район Южное Тушино,"Строительный проезд, дом 6, строение 1",ЗАО фирма «Меркурий»,07.11.2013,37.429149101,55.83857516
77,4539553,Автомобильная заправочная станция № 6 «Меркурий»,АЗС № 6 «Меркурий»,Северо-Западный административный округ,район Митино,"улица Барышиха, владение 3",ЗАО фирма «Меркурий»,12.11.2013,37.36929625,55.840231096
81,4539554,Автомобильная заправочная станция № 5 «Компания ТРАССА»,АЗС № 5 «Компания ТРАССА»,Новомосковский административный округ,поселение Московский,38-й километр Киевского шоссе,ООО «Компания ТРАССА»,14.04.2017,37.174963327,55.56449084
84,4539555,Автомобильная заправочная станция № 33 «Компания ТРАССА»,АЗС № 33 «Компания ТРАССА»,Троицкий административный округ,поселение Краснопахорское,деревня Софьино,ООО «Компания ТРАССА»,17.12.2013,37.33114951,55.432856749
85,4539556,"Автомобильная заправочная станция «МАС» на проспекте Вернадского, владение 10А","АЗС «МАС» на проспекте Вернадского, владение 10А",Западный административный округ,район Раменки,"проспект Вернадского, владение 10А",ООО «МАС»,14.01.2014,37.518591615,55.688101257
95,4539557,Автомобильная заправочная станция № 28 «Татнефть-АЗС-Запад»,АЗС № 28 «Татнефть-АЗС-Запад»,Западный административный округ,Можайский район,"Рябиновая улица, дом 12",ООО «Татнефть-АЗС-Запад»,04.09.2020,37.422375764,55.714896317
102,4539558,Автомобильная заправочная станция № 263 «Татнефть-АЗС-Запад»,АЗС № 263 «Татнефть-АЗС-Запад»,Юго-Восточный административный округ,район Печатники,"1-й Угрешский проезд, владение 10",ООО «Татнефть-АЗС-Запад»,06.03.2014,37.689977807,55.716853219
106,4539559,Многофункциональный автомобильный заправочный комплекс «Рублевская» «Петрол Комплекс Эквипмент Кампани»,МАЗК «Рублевская» «Петрол Комплекс Эквипмент Кампани»,Западный административный округ,район Крылатское,"60-й километр Московской Кольцевой Автодороги, владение 4Б",ЗАО «Петрол Комплекс Эквипмент Кампани»,11.03.2014,37.37124599,55.767325757
107,4539560,Многофункциональный автомобильный заправочный комплекс «Химки» «Петрол Комплекс Эквипмент Кампани»,МАЗК «Химки» «Петрол Комплекс Эквипмент Кампани»,Северо-Западный административный округ,район Северное Тушино,"74-й километр Московской Кольцевой Автодороги, владение 5",ЗАО «Петрол Комплекс Эквипмент Кампани»,11.03.2014,37.428931866,55.87732681
111,4539561,Автомобильная заправочная станция № 83 «Татнефть-АЗС-Запад»,АЗС № 83 «Татнефть-АЗС-Запад»,Восточный административный округ,район Гольяново,"Щёлковское шоссе, дом 93А",ООО «Татнефть-АЗС-Запад»,12.03.2014,37.827753876,55.81353217
113,4539562,Многофункциональный автомобильный заправочный комплекс «Донская» «Петрол Комплекс Эквипмент Кампани»,МАЗК «Донская» «Петрол Комплекс Эквипмент Кампани»,Южный административный округ,Донской район,"Загородное шоссе, дом 2Б",ЗАО «Петрол Комплекс Эквипмент Кампани»,13.03.2014,37.605166887,55.701448257
115,4539563,Многофункциональный автомобильный заправочный комплекс «Беляево» «Петрол Комплекс Эквипмент Кампани»,МАЗК «Беляево» «Петрол Комплекс Эквипмент Кампани»,Юго-Западный административный округ,район Коньково,"Профсоюзная улица, дом 67А",ЗАО «Петрол Комплекс Эквипмент Кампани»,13.03.2014,37.534423511,55.650346649
119,4539564,"Автомобильная заправочная станция «Ойл Сити» на Новосущёвской улице, владение 5, строение 1","АЗС «Ойл Сити» на Новосущёвской улице, владение 5, строение 1",Центральный административный округ,Тверской район,"Новосущёвская улица, владение 5, строение 1",ООО «Ойл Сити»,08.04.2014,37.604294798,55.783603257
121,4539565,Автомобильная заправочная станция № 5 «Транссервис-А.С.»,АЗС № 5 «Транссервис-А.С.»,Центральный административный округ,Таганский район,"Гончарная набережная, владение 9, строение 2",ООО «Транссервис-А.С.»,15.04.2014,37.648676595,55.737481614
129,4539566,"Автомобильная заправочная станция № 1 «ПЕТРОЛ РЕСУРС» на Саввинской набережной, дом 7А","АЗС № 1 «ПЕТРОЛ РЕСУРС» на Саввинской набережной, дом 7А",Центральный административный округ,район Хамовники,"Саввинская набережная, дом 7А",ООО «ПЕТРОЛ РЕСУРС»,10.06.2014,37.569597521,55.737680806
131,4539567,"Автомобильная заправочная станция № 1 «ТСК-МАКС» на Балаклавском проспекте, владение 11","АЗС № 1 «ТСК-МАКС» на Балаклавском проспекте, владение 11",Южный административный округ,район Чертаново Северное,"Балаклавский проспект, владение 11",ЗАО «ТСК -МАКС»,19.06.2014,37.593407299,55.641281563
133,4539568,"Автомобильная заправочная станция «Академавтотранс» на улице Вавилова, дом 21","АЗС «Академавтотранс» на улице Вавилова, дом 21",Юго-Западный административный округ,Академический район,"улица Вавилова, дом 21",ФГБУ ПОАТ УД РАН «Академавтотранс»,01.07.2014,37.576334087,55.699822114
136,4539569,Автомобильная заправочная станция № 125 ООО «Интертрест-Ойл» на Московской кольцевой автомобильной дороге 53 километр,АЗС № 125 ООО «Интертрест-Ойл» на Московской кольцевой автомобильной дороге 53 километр,Западный административный округ,Можайский район," Московская кольцевая автомобильная дорога, 53 километр",ООО «Интертрест-Ойл»,14.08.2014,37.393784792,55.706793341
141,4539570,"Автомобильная заправочная станция «ТрансАЗС» на 1-м Красногвардейском проезде, дом 4А","АЗС «ТрансАЗС» на 1-м Красногвардейском проезде, дом 4А",Центральный административный округ,Пресненский район,"1-й Красногвардейский проезд, дом 4А",ЗАО «ТрансАЗС»,11.09.2014,37.547440629,55.755205568
143,4539571,"Автомобильная заправочная станция «Сети» на Южнопортовой улице, владение 17Д, строение 1","АЗС «Сети» на Южнопортовой улице, владение 17Д, строение 1",Юго-Восточный административный округ,район Печатники,"Южнопортовая улица, владение 17Д, строение 1",ЗАО «Сети»,30.09.2014,37.702893735,55.704334276
144,13409149,"Автомобильная заправочная станция № 12 «РН-Москва» на улице Айвазовского, владение 2А","АЗС № 12 «РН-Москва» на улице Айвазовского, владение 2А",Юго-Западный административный округ,район Ясенево,"улица Айвазовского, владение 2А",ОАО «РН-Москва»,06.11.2014,37.542823371,55.620013354
145,13532286,"Автомобильная заправочная станция «Интернешнл Петролиум Сервис» на улице Борисовские пруды, дом 1Г, сооружение 1","АЗС «Интернешнл Петролиум Сервис» на улице Борисовские пруды, дом 1Г, сооружение 1",Южный административный округ,район Москворечье-Сабурово,"улица Борисовские пруды, дом 1Г, сооружение 1",ООО «Интернешнл Петролиум Сервис»,06.11.2014,37.704242109,55.636114597
146,13532290,"Автомобильная заправочная станция «Фортекс» на Сетуньском 1-м проезде, корпус 2, строение 1","АЗС «Фортекс» на Сетуньском 1-м проезде, корпус 2, строение 1",Западный административный округ,район Раменки,"Сетуньский 1-й проезд, корпус 2, строение 1",ООО «Фортекс»,13.11.2014,37.542628462,55.731795464
147,13532292,"Автомобильная заправочная станция «Фортекс» на Алтуфьевском шоссе, владение 77Б","АЗС «Фортекс» на Алтуфьевском шоссе, владение 77Б",Северо-Восточный административный округ,Алтуфьевский район,"Алтуфьевское шоссе, владение 77Б",ООО «Фортекс»,13.11.2014,37.585928632,55.877089091
148,13532294,"Автомобильная заправочная станция «Влата» на Ореховом бульваре, дом 27, корпус 1","АЗС «Влата» на Ореховом бульваре, дом 27, корпус 1",Южный административный округ,район Зябликово," Ореховый бульвар, дом 27, корпус 1",ЗАО «Влата»,14.11.2014,37.731034715,55.613544342
149,13532297,"Автомобильная заправочная станция «Спурт-94» на улице Барышиха, владение 41","АЗС «Спурт-94» на улице Барышиха, владение 41",Северо-Западный административный округ,район Митино,"улица Барышиха, владение 41",ЗАО «Спурт-94»,02.12.2014,37.341631885,55.853565481
150,13532301,"Автомобильная заправочная станция «Фирма «Интероргсинтез» на Лианозовском проезде, владение 12","АЗС «Фирма «Интероргсинтез» на Лианозовском проезде, владение 12",Северо-Восточный административный округ,район Лианозово,"Лианозовский проезд, владение 12",ООО «Фирма «Интероргсинтез»,09.12.2014,37.54579476,55.90089974
151,13532307,"Автомобильная заправочная станция «Компания «Лема» на 67-м километре Московской Кольцевой Автодороги, дом 7","АЗС «Компания «Лема» на 67-м километре Московской Кольцевой Автодороги, дом 7",Северо-Западный административный округ,район Митино,"67-й километр Московской Кольцевой Автодороги, дом 7",ЗАО «Компания «Лема»,16.12.2014,37.394330013,55.835029908
152,13532310,"Автомобильная заправочная станция «ЛУКХАУС» на Каширском шоссе, владение 23А","АЗС «ЛУКХАУС» на Каширском шоссе, владение 23А",Южный административный округ,район Нагатино-Садовники,"Каширское шоссе, владение 23А",ООО «ЛУКХАУС»,02.04.2021,37.640710653,55.659055625
153,13894329,"Автомобильная заправочная станция «АрфаПлюс» на 74-м километре Московской Кольцевой Автодороги, владение 4","АЗС «АрфаПлюс» на 74-м километре Московской Кольцевой Автодороги, владение 4",Северо-Западный административный округ,район Куркино,"74-й километр Московской Кольцевой Автодороги, владение 4",ООО «АрфаПлюс»,26.02.2019,37.424261659,55.876013128
154,13894330,"Автомобильная заправочная станция «Комплект-Ойл» на 1-м километре Симферопольского шоссе, дом 1","АЗС «Комплект-Ойл» на 1-м километре Симферопольского шоссе, дом 1",Юго-Западный административный округ,район Южное Бутово,"1-й километр Симферопольского шоссе, дом 1",ООО «Комплект-Ойл»,26.03.2015,37.575509171,55.512687088
155,13894342,Автомобильная заправочная станция «ЛатрансКо» в поселке Шишкин Лес,АЗС «ЛатрансКо» в поселке Шишкин Лес,Троицкий административный округ,поселение Михайлово-Ярцевское,поселок Шишкин Лес,ООО «ЛатрансКо»,02.04.2015,37.190919487,55.416055601
156,14154623,Автомобильная заправочная станция «Ресурс-Трейдинг» в городе Троицк на 41-м километре Калужского шоссе,АЗС «Ресурс-Трейдинг» в городе Троицк на 41-м километре Калужского шоссе,Троицкий административный округ,поселение Троицк,"город Троицк, 41-й километр Калужского шоссе",ООО «Ресурс-Трейдинг»,23.04.2015,37.300969437,55.464589828
157,14154627,"Автомобильная заправочная станция «Шелл Нефть» на улице Привольная, дом 70","АЗС «Шелл Нефть» на улице Привольная, дом 70",Юго-Восточный административный округ,район Выхино-Жулебино,"улица Привольная, дом 70",ООО «Шелл Нефть»,28.04.2015,37.853982524,55.678246516
158,14154628,"Автомобильная заправочная станция «Шелл Нефть» на Лермонтовском проспекте, владение 151-157","АЗС «Шелл Нефть» на Лермонтовском проспекте, владение 151-157",Юго-Восточный административный округ,район Выхино-Жулебино,"Лермонтовский проспект, владение 151-157",ООО «Шелл Нефть»,28.04.2015,37.8574141,55.700964851
159,14154629,"Автомобильная заправочная станция «Шелл Нефть» на улице Привольной, дом 4, корпус 2","АЗС «Шелл Нефть» на улице Привольной, дом 4, корпус 2",Юго-Восточный административный округ,район Выхино-Жулебино,"улица Привольная, дом 4, корпус 2",ООО «Шелл Нефть»,28.04.2015,37.840058577,55.702766957
160,14154630,"Автомобильная заправочная станция «Шелл Нефть» на улице Каскадной, владение 21","АЗС «Шелл Нефть» на улице Каскадной, владение 21",Восточный административный округ,район Косино-Ухтомский,"улица Каскадная, владение 21",ООО «Шелл Нефть»,28.04.2015,37.871282132,55.708591685
161,14154633,"Автомобильная заправочная станция «Шелл Нефть» на Аминьевском шоссе, владение 33","АЗС «Шелл Нефть» на Аминьевском шоссе, владение 33",Западный административный округ,Можайский район,"Аминьевское шоссе, владение 33",ООО «Шелл Нефть»,30.04.2015,37.450199423,55.718923901
162,14154635,"Автомобильная заправочная станция «Шелл Нефть» на Ленинградском шоссе, владение 227","АЗС «Шелл Нефть» на Ленинградском шоссе, владение 227",Северный административный округ,Молжаниновский район,"Ленинградское шоссе, владение 227",ООО «Шелл Нефть»,30.04.2015,37.365330521,55.939438222
163,14154643,"Автомобильная заправочная станция «Шелл Нефть» на Сельскохозяйственной улице, дом 40","АЗС «Шелл Нефть» на Сельскохозяйственной улице, дом 40",Северо-Восточный административный округ,район Свиблово,"Сельскохозяйственная улица, дом 40",ООО «Шелл Нефть»,05.05.2015,37.627445266,55.848225398
164,14154644,"Автомобильная заправочная станция «Шелл Нефть» на Большой Оленьей улице, владение 18","АЗС «Шелл Нефть» на Большой Оленьей улице, владение 18",Восточный административный округ,район Сокольники,"Большая Оленья улица, владение 18",ООО «Шелл Нефть»,05.05.2015,37.690061718,55.811504336
165,14154645,"Автомобильная заправочная станция «Шелл Нефть» в Юрьевском переулке, дом 17, владение 1","АЗС «Шелл Нефть» в Юрьевском переулке, дом 17, владение 1",Юго-Восточный административный округ,район Лефортово,"Юрьевский переулок, дом 17, владение 1",ООО «Шелл Нефть»,05.05.2015,37.718832801,55.763337962
166,14154646,"Автомобильная заправочная станция «Шелл Нефть» на Каширском шоссе, владение 150","АЗС «Шелл Нефть» на Каширском шоссе, владение 150",Южный административный округ,район Орехово-Борисово Южное,"Каширское шоссе, владение 150",ООО «Шелл Нефть»,07.05.2015,37.72640967,55.594096147
167,14154647,"Автомобильная заправочная станция «Шелл Нефть» на улице Марьинский парк, дом 12","АЗС «Шелл Нефть» на улице Марьинский парк, дом 12",Юго-Восточный административный округ,район Марьино,"улица Марьинский парк, дом 12",ООО «Шелл Нефть»,07.05.2015,37.780934771,55.660519113
168,14154648,"Автомобильная заправочная станция «Шелл Нефть» на улице Перерва, дом 65, строение 1","АЗС «Шелл Нефть» на улице Перерва, дом 65, строение 1",Юго-Восточный административный округ,район Марьино,"улица Перерва, дом 65, строение 1",ООО «Шелл Нефть»,07.05.2015,37.766262255,55.667466545
169,14154649,"Автомобильная заправочная станция «Шелл Нефть» на Волгоградском проспекте, владение 79, строение 1","АЗС «Шелл Нефть» на Волгоградском проспекте, владение 79, строение 1",Юго-Восточный административный округ,район Текстильщики,"Волгоградский проспект, владение 79, строение 1",ООО «Шелл Нефть»,07.05.2015,37.744321889,55.7087124
171,14155100,"Автомобильная заправочная станция «Опора» в городе Троицк, микрорайон В, дом 63","АЗС «Опора» в городе Троицк, микрорайон В, дом 63",Троицкий административный округ,поселение Троицк,"город Троицк, микрорайон В, дом 63",ООО «Опора»,26.05.2016,37.296688071,55.492873422
172,14155102,Автомобильная заправочная станция «РН-Москва» на 41-м километре Калужского шоссе,АЗС «РН-Москва» на 41-м километре Калужского шоссе,Троицкий административный округ,поселение Троицк,41-й километр Калужского шоссе,ОАО «РН-Москва»,19.05.2015,37.300975382,55.464579791
173,14155103,"Автомобильная заправочная станция «Филатов В.А.» в Зеленограде, на Заводской улице, дом 38","АЗС «Филатов В.А.» в Зеленограде, на Заводской улице, дом 38",Зеленоградский административный округ,район Крюково,"Зеленоград, Заводская улиц, дом 38",ИП «Филатов В.А.»,20.05.2015,37.183353163,55.972870114
174,14155112,"Автомобильная заправочная станция «ТК Нефтепродуктсервис» на Осташковской улице, владение 18А","АЗС «ТК Нефтепродуктсервис» на Осташковской улице, владение 18А",Северо-Восточный административный округ,Лосиноостровский район,"Осташковская улица, владение 18А",ООО «ТК Нефтепродуктсервис»,22.05.2015,37.675975867,55.883044684
175,14155115,"Автомобильная заправочная станция «НБА-Северо-Запад» на Полярной улице, владение 37В","АЗС «НБА-Северо-Запад» на Полярной улице, владение 37В",Северо-Восточный административный округ,район Северное Медведково,"Полярная улица, владение 37В",ООО «НБА-Северо-Запад»,22.05.2015,37.64493235,55.890456343
176,14155117,"Автомобильная заправочная станция «ТрансАЗС» на Полярном проезде, владение 4А","АЗС «ТрансАЗС» на Полярном проезде, владение 4А",Северо-Восточный административный округ,район Северное Медведково,"Полярный проезд, владение 4А",ЗАО «ТрансАЗС»,22.05.2015,37.630185987,55.889113321
177,14155120,"Автомобильная заправочная станция «ЕКА-АЗС» на Сокольнической 5-й улице, владение 16А","АЗС «ЕКА-АЗС» на Сокольнической 5-й улице, владение 16А",Восточный административный округ,район Сокольники,"Сокольническая 5-я улица, владение 16А",ООО «ЕКА-АЗС»,25.05.2015,37.689535066,55.7861261
178,14155122,"Автомобильная заправочная станция «Сервис ФСП» на Краснобогатырской улице, владение 22","АЗС «Сервис ФСП» на Краснобогатырской улице, владение 22",Восточный административный округ,район Богородское,"Краснобогатырская улица, владение 22",ООО «Сервис ФСП»,25.05.2015,37.6983848,55.811823448
179,14155124,"Автомобильная заправочная станция «Долус» на Большой Косинской улице, владение 1Г","АЗС «Долус» на Большой Косинской улице, владение 1Г",Восточный административный округ,район Косино-Ухтомский,"Большая Косинская улица, владение 1Г",ЗАО «Долус»,18.12.2020,37.850411273,55.711294992
180,14155126,"Автомобильная заправочная станция «УК НИКОЙЛ» на Шоссейной улице, дом 88","АЗС «УК НИКОЙЛ» на Шоссейной улице, дом 88",Юго-Восточный административный округ,район Печатники,"Шоссейная улица, дом 88",ООО «УК НИКОЙЛ»,16.05.2017,37.71981924,55.666517126
181,14155135,"Автомобильная заправочная станция «Механизация-2» на Южнопортовой улице, дом 17","АЗС «Механизация-2» на Южнопортовой улице, дом 17",Юго-Восточный административный округ,район Печатники,"Южнопортовая улица, дом 17",ОАО «Механизация-2»,26.05.2015,37.702885055,55.704320476
182,14155137,"Автомобильная заправочная станция «АРС» на улице Садовники, дом 11А, строение 1","АЗС «АРС» на улице Садовники, дом 11А, строение 1",Южный административный округ,район Нагатино-Садовники,"улица Садовники, дом 11А, строение 1",ООО «АРС»,18.08.2017,37.656454703,55.674156174
183,14155138,"Автомобильная заправочная станция «НБА-Северо-Запад» на проспекте Андропова, дом 9, строение 1","АЗС «НБА-Северо-Запад» на проспекте Андропова, дом 9, строение 1",Южный административный округ,район Нагатинский Затон,"проспект Андропова, дом 9, строение 1",ООО «НБА-Северо-Запад»,27.05.2015,37.666933259,55.689129288
184,14155139,"Автомобильная заправочная станция «ЕКА-АЗС» на улице Подольских курсантов, владение 26А","АЗС «ЕКА-АЗС» на улице Подольских курсантов, владение 26А",Южный административный округ,район Бирюлёво Западное,"улица Подольских курсантов, владение 26А",ООО «ЕКА-АЗС»,27.05.2015,37.630013191,55.593409183
185,14155140,"Автомобильная заправочная станция «Фортекс» на улице Обручева, дом 50","АЗС «Фортекс» на улице Обручева, дом 50",Юго-Западный административный округ,район Коньково,"улица Обручева, дом 50",ООО «Фортекс»,21.11.2017,37.559048979,55.649968921
186,14155141,"Автомобильная заправочная станция «НБА-Северо-Запад» на улице Обручева, дом 25А","АЗС «НБА-Северо-Запад» на улице Обручева, дом 25А",Юго-Западный административный округ,Обручевский район,"улица Обручева, дом 25А",ООО «НБА-Северо-Запад»,28.05.2015,37.536451689,55.656446226
187,14155142,"Автомобильная заправочная станция «НБА-Северо-Запад» на Нахимовском проспекте, дом 21, строение 1","АЗС «НБА-Северо-Запад» на Нахимовском проспекте, дом 21, строение 1",Юго-Западный административный округ,район Зюзино,"Нахимовский проспект, дом 21, строение 1",ООО «НБА-Северо-Запад»,28.05.2015,37.597322478,55.665690472
188,14155143,"Автомобильная заправочная станция «НБА-Северо-Запад» в Лесном 4-м переулке, владение 2","АЗС «НБА-Северо-Запад» в Лесном 4-м переулке, владение 2",Центральный административный округ,Тверской район,"Лесной 4-й переулок, владение 2",ООО «НБА-Северо-Запад»,29.05.2015,37.586398884,55.778911557
189,14155144,"Автомобильная заправочная станция «ЭНИ-НЕФТО» на Ленинградском шоссе, дом 63Г","АЗС «ЭНИ-НЕФТО» на Ленинградском шоссе, дом 63Г",Северный административный округ,район Левобережный,"Ленинградское шоссе, дом 63Г",ООО «ЭНИ-НЕФТО»,01.06.2015,37.462783005,55.864877237
190,14155145,"Автомобильная заправочная станция «Шелл Нефть» на Ленинградском шоссе, владение 47А","АЗС «Шелл Нефть» на Ленинградском шоссе, владение 47А",Северный административный округ,Головинский район,"Ленинградское шоссе, владение 47А",ООО «Шелл Нефть»,01.06.2015,37.476450433,55.844843687
191,14155146,"Автомобильная заправочная станция «Интеройл» на улице Зенитчиков, дом 7","АЗС «Интеройл» на улице Зенитчиков, дом 7",Северо-Западный административный округ,район Митино,"улица Зенитчиков, дом 7",ООО НГК «Интеройл»,02.06.2015,37.34813723,55.83463951
192,14155147,"Автомобильная заправочная станция «Газпромнефть-Северо-Запад» на Кутузовском проспекте, владение 52","АЗС «Газпромнефть-Северо-Запад» на Кутузовском проспекте, владение 52",Западный административный округ,район Фили-Давыдково,"Кутузовский проспект, владение 52",ЗАО «Газпромнефть-Северо-Запад»,03.06.2015,37.483740547,55.731069491
193,14155148,Автомобильная заправочная станция «НБА-Северо-Запад» на набережной Тараса Шевченко,АЗС «НБА-Северо-Запад» на набережной Тараса Шевченко,Западный административный округ,район Дорогомилово,набережная Тараса Шевченко,ООО «НБА-Северо-Запад»,03.06.2015,37.561035828,55.752331064
194,14155149,"Автомобильная заправочная станция «Лукойл-Центрнефтепродукт» на Боровском шоссе, дом 2, строение 1","АЗС «Лукойл-Центрнефтепродукт» на Боровском шоссе, дом 2, строение 1",Западный административный округ,район Солнцево,"Боровское шоссе, дом 2, строение 1",ООО «Лукойл-Центрнефтепродукт»,03.06.2015,37.425522561,55.66210737
195,25747449,"Автомобильная заправочная станция «Саган» на Симферопольском шоссе, дом 9","АЗС «Саган» на Симферопольском шоссе, дом 9",Новомосковский административный округ,поселение Щербинка,"Симферопольское шоссе, дом 9",ООО «Саган»,01.07.2015,37.571858592,55.500972509
196,25748908,"Автомобильная заправочная станция «Федонин В.Г.» на Симферопольском шоссе, дом 1, строение 1","АЗС «Федонин В.Г.» на Симферопольском шоссе, дом 1, строение 1",Новомосковский административный округ,поселение Щербинка,"Симферопольское шоссе, дом 1, строение 1",ИП Федонин В.Г.,01.07.2015,37.576768261,55.516815132
197,25751810,Автомобильная заправочная станция «Буран Петрол» на 58-м километре Калужского шоссе,АЗС «Буран Петрол» на 58-м километре Калужского шоссе,Троицкий административный округ,поселение Вороновское,58-й километр Калужского шоссе,ООО «Буран Петрол»,05.05.2016,37.172531618,55.343034472
198,25754680,Автомобильная заправочная станция «ТРГ-Центр» в поселении Вороновское,АЗС «ТРГ-Центр» в поселении Вороновское,Троицкий административный округ,поселение Вороновское,поселение Вороновское,ООО «ТРГ-Центр»,03.07.2015,37.187115193,55.323566378
199,25756572,"Автомобильная заправочная станция «Лукойл-Центрнефтепродукт» на улице Римского-Корсакова, владение 5","АЗС «Лукойл-Центрнефтепродукт» на улице Римского-Корсакова, владение 5",Северо-Восточный административный округ,район Отрадное,"улица Римского-Корсакова, владение 5",ООО «Лукойл-Центрнефтепродукт»,06.07.2015,37.594019277,55.872340632
200,25757894,"Автомобильная заправочная станция «НБА-Северо-Запад» на Алтуфьевском шоссе, владение 3А","АЗС «НБА-Северо-Запад» на Алтуфьевском шоссе, владение 3А",Северо-Восточный административный округ,район Отрадное,"Алтуфьевское шоссе, владение 3А",ООО «НБА-Северо-Запад»,06.07.2015,37.583327467,55.849394966
201,25760650,"Автомобильная заправочная станция «НБА-Северо-Запад» на Сущевском валу, владение 25","АЗС «НБА-Северо-Запад» на Сущевском валу, владение 25",Северо-Восточный административный округ,район Марьина Роща,"Сущевский вал, владение 25",ООО «НБА-Северо-Запад»,06.07.2015,37.603189945,55.793384018
202,25761391,"Автомобильная заправочная станция «ЕКА-АЗС» на Ростокинском проезде, владение 11, строение 1","АЗС «ЕКА-АЗС» на Ростокинском проезде, владение 11, строение 1",Восточный административный округ,район Сокольники,"Ростокинский проезд, владение 11, строение 1",ООО «ЕКА-АЗС»,08.07.2015,37.677859305,55.817965632
203,25762384,"Автомобильная заправочная станция «Татнефть-АЗС-Запад» на шоссе Энтузиастов, дом 92Г","АЗС «Татнефть-АЗС-Запад» на шоссе Энтузиастов, дом 92Г",Восточный административный округ,район Ивановское,"шоссе Энтузиастов, дом 92Г",ООО «Татнефть-АЗС-Запад»,08.07.2015,37.821389031,55.771429658
204,25765991,"Автомобильная заправочная станция «РН-Москва» на улице Айвазовского, владение 2А","АЗС «РН-Москва» на улице Айвазовского, владение 2А",Юго-Западный административный округ,район Ясенево,"улица Айвазовского, владение 2А",АО «РН-Москва»,10.07.2015,37.542703021,55.620061558
205,25767193,"Автомобильная заправочная станция «Лукойл-Центрнефтепродукт» на улице Плеханова, дом 7А","АЗС «Лукойл-Центрнефтепродукт» на улице Плеханова, дом 7А",Восточный административный округ,район Перово,"улица Плеханова, дом 7А",ООО «Лукойл-Центрнефтепродукт»,23.07.2015,37.758950331,55.755691052
206,25770047,"Автомобильная заправочная станция «РН-Москва» на проспекте 60-летия Октября, владение 8В","АЗС «РН-Москва» на проспекте 60-летия Октября, владение 8В",Юго-Западный административный округ,Академический район,"проспект 60-летия Октября, владение 8В",АО «РН-Москва»,10.07.2015,37.57563351,55.695328257
207,25775341,"Автомобильная заправочная станция «ТД Нефтьмагистраль» в Зеленограде, на Новокрюковской улице, владение 5А","АЗС «ТД Нефтьмагистраль» в Зеленограде, на Новокрюковской улице, владение 5А",Зеленоградский административный округ,район Крюково,"Зеленоград, Новокрюковская улица, владение 5А",ООО «ТД Нефтьмагистраль»,06.08.2015,37.161303667,55.987960262
208,25778922,Автомобильная заправочная станция «ТрансАЗС» на 93-м километре Московской кольцевой автомобильной дороги,АЗС«ТрансАЗС» на 93-м километре Московской кольцевой автомобильной дороги,Северо-Восточный административный округ,Лосиноостровский район, 93-й километр Московской кольцевой автомобильной дороги,ЗАО «ТрансАЗС»,18.08.2015,37.705077207,55.891485801
209,25781036,"Автомобильная заправочная станция «Мосгортранс» на улице Дениса Давыдова, дом 2","АЗС «Мосгортранс» на улице Дениса Давыдова, дом 2",Западный административный округ,район Дорогомилово,"улица Дениса Давыдова, дом 2",филиал Филевского АТП ГУП «Мосгортранс»,20.08.2015,37.518953634,55.739809326
210,25782403,"Автомобильная заправочная станция «СБС-ХХI» на улице Знаменская, владение 1","Автомобильная заправочная станция «СБС-ХХI» на улице Знаменская, владение 1",Восточный административный округ,район Преображенское,"улица Знаменская, владение 1",ООО «СБС-ХХI»,18.12.2020,37.71274298,55.801902339
211,61425117,"Автомобильная заправочная станция «Альфа-Петрол М» на улице Ясеневая, владение 13А","АЗС «Альфа-Петрол М» на улице Ясеневая, владение 13А",Южный административный округ,район Орехово-Борисово Южное,"улица Ясеневая, владение 13А",ООО «Альфа-Петрол М»,29.11.2019,37.725183405,55.602285497
212,61425404,"Автомобильная заправочная станция «Оптима Юнион» на улице Южнопортовая, владение 17Д","АЗС «Оптима Юнион» на улице Южнопортовая, владение 17Д",Юго-Восточный административный округ,район Печатники,"улица Южнопортовая, владение 17Д",ООО «Оптима Юнион»,27.10.2015,37.698347061,55.706621241
213,61425517,"Автомобильная заправочная станция «Луч» на улице Барышиха, владение 11","АЗС «Луч» на улице Барышиха, владение 11",Северо-Западный административный округ,район Митино,"улица Барышиха, владение 11",ООО «Луч»,03.11.2015,37.35284025,55.84266441
214,144586155,"Автомобильная заправочная станция «Ойл-Траст» на Севастопольском проспекте, владение 11Б","АЗС «Ойл-Траст» на Севастопольском проспекте, владение 11Б",Юго-Западный административный округ,район Котловка,"Севастопольский проспект, владение 11Б",ООО «Ойл-Траст»,14.01.2016,37.602632583,55.685843018
215,144586156,"Автомобильная заправочная станция «РН-Москва» на проспекте 60-летия Октября, владение 8В, строение 1","АЗС «РН-Москва» на проспекте 60-летия Октября, владение 8В, строение 1",Юго-Западный административный округ,Академический район,"проспект 60-летия Октября, владение 8В, строение 1",АО «РН-Москва»,14.01.2016,37.577534254,55.698061724
216,144586163,"Автомобильная заправочная станция «Компания ТРАССА» на 42-м километре Калужского шоссе, владение 5, строение 1","АЗС «Компания ТРАССА» на 42-м километре Калужского шоссе, владение 5, строение 1",Троицкий административный округ,поселение Краснопахорское,"42-й километр Калужского шоссе, владение 5, строение 1",ООО «Компания ТРАССА»,14.01.2016,37.291488581,55.448790229
217,144586164,"Автомобильная заправочная станция «Газпромнефть-Северо-Запад» на улице Красина, владение 15, строение 1","АЗС «Газпромнефть-Северо-Запад» на улице Красина, владение 15, строение 1",Центральный административный округ,Пресненский район,"улица Красина, владение 15, строение 1",ООО «Газпромнефть-Северо-Запад»,22.01.2016,37.586716795,55.768238113
218,167792333,"Автомобильная заправочная станция «ИП Филатов В.А.» на Остафьевском шоссе, дом 7","АЗС «ИП Филатов В.А.» на Остафьевском шоссе, дом 7",Новомосковский административный округ,поселение Щербинка,"Остафьевское шоссе, дом 7",ИП Филатов В.А.,18.02.2016,37.52099447,55.504450928
219,167792341,"Автомобильная заправочная станция «Валар» на 39-м километре Московской кольцевой автомобильной дороги, владение 1, строение 1","АЗС «Валар» на 39-м километре Московской кольцевой автомобильной дороги, владение 1, строение 1",Юго-Западный административный округ,район Ясенево,"39-й километр Московской кольцевой автомобильной дороги, владение 1, строение 1",ООО «Валар»,25.02.2016,37.507312301,55.597976731
220,167792351,"Автомобильная заправочная станция «АВИС-АМ» на 32-м километре Московской кольцевой автомобильной дороги, владение 7","АЗС «АВИС-АМ» на 32-м километре Московской кольцевой автомобильной дороги, владение 7",Южный административный округ,район Чертаново Южное,"32-й километр Московской кольцевой автомобильной дороги, владение 7",ООО «АВИС-АМ»,25.02.2016,37.604648295,55.575023049
221,167792387,"Автомобильная заправочная станция «ЛУЧ» на улице Маршала Воробьева, дом 12","АЗС «ЛУЧ» на улице Маршала Воробьева, дом 12",Северо-Западный административный округ,район Строгино,"улица Маршала Воробьева, дом 12",ООО «ЛУЧ»,15.03.2016,37.385134129,55.797568319
222,167792396,"Автомобильная заправочная станция «Интертрест-Ойл» на 53-м километре Московской кольцевой автомобильной дороги, владение 6Б","АЗС «Интертрест-Ойл» на 53-м километре Московской кольцевой автомобильной дороги, владение 6Б",Западный административный округ,Можайский район,"53-й километр Московской кольцевой автомобильной дороги, владение 6Б",ООО «Интертрест-Ойл»,15.03.2016,37.411909125,55.693085859
223,167792414,"Автомобильная заправочная станция «Строй-Инвест» в Костомаровском переулке, дом 10, строение 2","АЗС «Строй-Инвест» в Костомаровском переулке, дом 10, строение 2",Центральный административный округ,Таганский район,"Костомаровскй переулок, дом 10, строение 2",ООО «Строй-Инвест»,22.03.2016,37.665072299,55.750374091
224,167792432,Автомобильная заправочная станция «Татнефть-АЗС-Запад» на 50-м километре Калужского шоссе,АЗС «Татнефть-АЗС-Запад» на 50-м километре Калужского шоссе,Троицкий административный округ,поселение Краснопахорское,50-й километр Калужского шоссе,ООО «Татнефть-АЗС-Запад»,24.03.2016,37.232216987,55.393941129
225,167792444,"Автомобильная заправочная станция «Валента» в Зеленограде на проезде 4807, строение 6","АЗС «Валента» в Зеленограде на проезде 4807, строение 6",Зеленоградский административный округ,район Савёлки,"Зеленоград на проезде 4807, строение 6",ООО НПКФ «Валента»,31.03.2016,37.257987254,55.979740922
226,276155313,"Автомобильная заправочная станция «Эни-Нефто» на Ленинградском шоссе, владение 63Г","АЗС «Эни-Нефто» на Ленинградском шоссе, владение 63Г",Северный административный округ,район Левобережный,"Ленинградское шоссе, владение 63Г",ООО «Эни-Нефто»,07.11.2018,37.459173243,55.867307234
227,276155322,Автомобильная заправочная станция «Валар» на 36-м километре Калужского шоссе,АЗС «Валар» на 36-м километре Калужского шоссе,Новомосковский административный округ,поселение Десеновское,36-й километр Калужского шоссе,ООО «Валар»,09.08.2016,37.338970818,55.504120938
228,276155348,"Автомобильная заправочная станция «Перспектива» на улице Борисовские пруды, владение 1","АЗС «Перспектива» на улице Борисовские пруды, владение 1",Южный административный округ,район Москворечье-Сабурово,"улица Борисовские пруды, владение 1",ООО «Перспектива»,12.02.2021,37.711198066,55.636356598
229,276155359,"Автомобильная заправочная станция «Сети» на Крылатской улице, владение 2А","АЗС «Сети» на Крылатской улице, владение 2А",Западный административный округ,район Крылатское,"Крылатская улица, владение 2А",ЗАО «Сети»,20.09.2016,37.431742763,55.75059168
230,276155454,"Автомобильная заправочная станция «Сети» на улице 1905 года, дом 27, строение 1","АЗС «Сети» на улице 1905 года, дом 27, строение 1",Центральный административный округ,Пресненский район,"улица 1905 года, дом 27, строение 1",ЗАО «Сети»,20.09.2016,37.55431222,55.771686004
231,276155745,"Автомобильная заправочная станция «Сети» на 29-м километре Московской кольцевой автомобильной дороги, владение 8","АЗС «Сети» на 29-м километре Московской кольцевой автомобильной дороги, владение 8",Южный административный округ,район Бирюлёво Западное,"29-й километр Московской кольцевой автомобильной дороги, владение 8",ЗАО «Сети»,20.09.2016,37.652269692,55.573734995
232,282478903,"Автомобильная заправочная станция «ПИК-Индустрия» на проезде Стройкомбината, дом 1, строение 34","АЗС «ПИК-Индустрия» на проезде Стройкомбината, дом 1, строение 34",Западный административный округ,район Очаково-Матвеевское,"проезд Стройкомбината, дом 1, строение 34",АО «ПИК-Индустрия»,13.10.2016,37.448435963,55.68823618
233,282479101,"Автомобильная заправочная станция «ОПОРА» в поселении Щаповское, деревня Троицкое","АЗС «ОПОРА» в поселении Щаповское, деревня Троицкое",Троицкий административный округ,поселение Щаповское,"поселение Щаповское, деревня Троицкое",ООО «ОПОРА»,25.10.2016,37.424873167,55.389976568
234,282479276,"Автомобильная заправочная станция «НИКОЙЛ» на улице Поляны, владение 12","АЗС «НИКОЙЛ» на улице Поляны, владение 12",Юго-Западный административный округ,район Северное Бутово,"улица Поляны, владение 12",ООО УК «НИКОЙЛ»,27.10.2016,37.556061075,55.563964447
235,282479433,"Автомобильная заправочная станция «ОЙЛ СИТИ» на улице Новосущевская, владение 5, строение 1","АЗС «ОЙЛ СИТИ» на улице Новосущевская, владение 5, строение 1",Центральный административный округ,Тверской район,"улица Новосущевская, владение 5, строение 1",ООО «ОЙЛ СИТИ»,22.11.2016,37.60447392,55.783607946
236,282479738,Автомобильная заправочная станция «Петро Транс» на 34-м километре Киевского шоссе,АЗС «Петро Транс» на 34-м километре Киевского шоссе,Новомосковский административный округ,поселение Марушкинское,34-й километр Киевского шоссе,ООО «Петро Транс»,26.02.2021,37.237677638,55.57901583
237,282479886,"Автомобильная заправочная станция «Компания ЛЕМА» на 67-м километре Московской Кольцевой Автодороги, владение 7","АЗС «Компания ЛЕМА» на 67-м километре Московской Кольцевой Автодороги, владение 7",Северо-Западный административный округ,район Митино,"67-й километр Московской Кольцевой Автодороги, владение 7",ЗАО «Компания ЛЕМА»,06.12.2016,37.394429277,55.835066825
238,282479984,"Автомобильная заправочная станция «Меркурий» на Походном проезде, дом 1, строение 1","АЗС «Меркурий» на Походном проезде, дом 1, строение 1",Северо-Западный административный округ,район Южное Тушино,"Походный проезд, дом 1, строение 1",ЗАО Фирма «Меркурий»,13.12.2016,37.406087429,55.832751624
239,282543185,"Автомобильная заправочная станция «Татнефть-АЗС-Запад» на Кутузовском проспекте, дом 72","АЗС «Татнефть-АЗС-Запад» на Кутузовском проспекте, дом 72",Западный административный округ,район Фили-Давыдково,"Кутузовский проспект, дом 72",ООО «Татнефть-АЗС-Запад»,20.12.2016,37.462293253,55.727152088
240,282543633,"Автомобильная заправочная станция «Газпромнефть-Северо-Запад» на Кутузовском проспекте, владение 55","АЗС «Газпромнефть-Северо-Запад» на Кутузовском проспекте, владение 55",Западный административный округ,район Фили-Давыдково,"Кутузовский проспект, владение 55",АО «Газпромнефть-Северо-Запад»,20.12.2016,37.483901852,55.729869081
241,334978883,"Автомобильная заправочная станция № 8 «Валар» на Богородском валу, д. 3А, стр. 1","АЗС № 8 «Валар» на Богородском валу, д. 3А, стр. 1",Восточный административный округ,район Богородское,"Богородский вал, д. 3А, стр. 1",ООО «Валар»,01.02.2017,37.70626493,55.803430226
242,334978884,"Автомобильная заправочная станция № 9 «Валар» на Открытом шоссе, д. 14Г, стр. 1","АЗС № 9 «Валар» на Открытом шоссе, д. 14Г, стр. 1",Восточный административный округ,район Богородское,"Открытое шоссе, д. 14Г, стр. 1",ООО «Валар»,01.02.2017,37.737835653,55.814145178
243,334978885,"Автомобильная заправочная станция № 4 «Валар» на Монтажной ул., д. 3А, стр. 1","АЗС № 4 «Валар» на Монтажной ул., д. 3А, стр. 1",Восточный административный округ,район Гольяново,"Монтажная ул., д. 3А, стр. 1",ООО «Валар»,01.02.2017,37.769038901,55.81761777
244,334978886,"Автомобильная заправочная станция № 6 «Валар» на ул. Уткина, вл. 45Б","АЗС № 6 «Валар» на ул. Уткина, вл. 45Б",Восточный административный округ,район Соколиная Гора,"ул. Уткина, вл. 45Б",ООО «Валар»,01.02.2017,37.745001802,55.761186884
245,334978887,"Автомобильная заправочная станция № 116 «Валар» на ул. Большая Филевская, д. 5А","АЗС № 116 «Валар» на ул. Большая Филевская, д. 5А",Западный административный округ,район Филёвский Парк,"ул. Большая Филевская, д. 5А",ООО «Валар»,03.02.2017,37.509906047,55.751326769
246,334978889,"Автомобильная заправочная станция № 83 «Валар» на ул. Хамовнический вал, д. 40, стр. 1","АЗС № 83 «Валар» на ул. Хамовнический вал, д. 40 стр. 1",Центральный административный округ,район Хамовники,"Хамовнический вал, д. 40, стр. 1",ООО «Валар»,03.02.2017,37.549992741,55.727438977
247,334978890,"Автомобильная заправочная станция № 18 «Валар» на Боровском шоссе, 0,6 км","АЗС № 18 «Валар» на Боровском шоссе, 0,6 км",Западный административный округ,район Солнцево,"Боровское шоссе, 0,6 км",ООО «Валар»,07.02.2017,37.419214705,55.659985444
248,334978894,"Автомобильная заправочная станция № 19 «Валар» на Киевском шоссе, 19 км","АЗС № 19 «Валар» на Киевском шоссе, 19 км",Новомосковский административный округ,"поселение ""Мосрентген""","Киевское шоссе, 19 км",ООО «Валар»,29.08.2017,37.451602121,55.634558669
249,334978895,"Автомобильная заправочная станция № 007 «Валар» на Нахимовском проспекте, д. 10, стр. 1","АЗС № 007 «Валар» на Нахимовском проспекте, д. 10, стр. 1",Юго-Западный административный округ,район Котловка,"Нахимовский проспект, д. 10, стр. 1",ООО «Валар»,07.02.2017,37.597668053,55.666276674
250,334978896,"Автомобильная заправочная станция № 12 «Валар» на 39-м километре Московской кольцевой автомобильной дороги, владение 1, строение 1","АЗС № 12 «Валар» на 39-м километре Московской кольцевой автомобильной дороги, владение 1, строение 1",Юго-Западный административный округ,район Ясенево,"39-й километр Московской кольцевой автомобильной дороги, владение 1, строение 1",ООО «Валар»,10.02.2017,37.503685505,55.598936142
251,334978897,"Автомобильная заправочная станция № 5 «Валар» на Куликовской ул., вл. 2, стр. 1","АЗС № 5 «Валар» на Куликовской ул., вл. 2, стр. 1",Юго-Западный административный округ,район Северное Бутово,"Куликовская ул., вл. 2, стр. 1",ООО «Валар»,10.02.2017,37.569639031,55.577644766
252,334978899,"Автомобильная заправочная станция № 29 «Валар» д. Десна, на Рябиновой ул., вл. 17","АЗС № 29 «Валар» д. Десна, на Рябиновой ул., вл. 17",Новомосковский административный округ,поселение Десеновское,"д. Десна, Рябиновая ул., вл. 17",ООО «Валар»,14.02.2017,37.382238349,55.52265884
253,334978901,"Автомобильная заправочная станция № 16 «Валар» д. Ватутинки, Калужское шоссе, 36 км","АЗС № 16 «Валар» д. Ватутинки, Калужское шоссе, 36 км",Новомосковский административный округ,поселение Десеновское,"д. Ватутинки, Калужское шоссе, 36 км",ООО «Валар»,14.02.2017,37.338964919,55.50412093
254,334978902,"Автомобильная заправочная станция «ЛУКХАУС» на Волжском бульваре, д. 53, корп. 1","АЗС «ЛУКХАУС» на Волжском бульваре, д. 53, корп. 1",Юго-Восточный административный округ,район Кузьминки,"Волжский бульвар, д. 53, корп. 1",ООО «ЛУКХАУС»,23.11.2021,37.756128208,55.693133614
255,477996106,Автомобильная заправочная станция «Мега-Петрол» на 41-м километре Калужского шоссе,АЗС «Мега-Петрол» на 41-м километре Калужского шоссе,Троицкий административный округ,поселение Троицк,41-й километр Калужского шоссе,ООО «Мега-Петрол»,13.06.2017,37.325202118,55.492212804
256,831771438,"Автомобильная заправочная станция № 32 «Валар» на Полярном проезде, дом 6Б","АЗС № 32 «Валар» на Полярном проезде, дом 6Б",Северо-Восточный административный округ,район Северное Медведково,"Полярный проезд, дом 6Б",ООО «Валар»,06.10.2017,37.631406671,55.889951635
257,831772010,"Автомобильная заправочная станция «Инвест Капитал» в Костомаровском переулке, дом 10, строение 2","АЗС «Инвест Капитал» в Костомаровском переулке, дом 10, строение 2",Центральный административный округ,Таганский район,"Костомаровский переулок, дом 10, строение 2",ООО «Инвест Капитал»,08.12.2017,37.6651059,55.750344301
258,831772230,"Автомобильная заправочная станция ИП Левый М.С. в поселке Ерино, на улице Высокая, дом 100","АЗС ИП Левый М.С. в поселке Ерино, на улице Высокая, дом 100",Новомосковский административный округ,поселение Рязановское,"поселок Ерино, на улице Высокая, дом 100",ИП Левый М.С.,21.11.2017,37.527950183,55.449970793
259,860955286,"Автомобильная заправочная станция «Татнефть-АЗС-Запад» на Ленинградском шоссе, дом 77","АЗС «Татнефть-АЗС-Запад» на Ленинградском шоссе, дом 77",Северный административный округ,район Левобережный,"Ленинградское шоссе, дом 77",ООО «Татнефть-АЗС-Запад»,30.01.2018,37.444346397,55.879944189
260,860955293,Автомобильная заправочная станция «ТД Нефтьмагистраль» на 49-м километре А-101,АЗС «ТД Нефтьмагистраль» на 49-м километре А-101,Троицкий административный округ,поселение Краснопахорское,49-й километр А-101,ООО «ТД Нефтьмагистраль»,07.06.2019,37.239539077,55.398840839
261,860955294,Автомобильная заправочная станция «Форт» на 56-м километре Калужского шоссе,АЗС «Форт» на 56-м километре Калужского шоссе,Троицкий административный округ,поселение Вороновское,56-й километр Калужского шоссе,ООО «Форт»,02.03.2018,37.172445018,55.343183764
262,878657459,"Автомобильная заправочная станция «РН-Москва» на Люблинской улице, владение 92","АЗС «РН-Москва» на Люблинской улице, владение 92",Юго-Восточный административный округ,район Марьино,"Люблинская улица, владение 92",АО «РН-Москва»,08.05.2018,37.739086773,55.658628797
263,878657499,"Автомобильная заправочная станция «РН-Москва» на Волгоградском проспекте, дом 48, корпус 2","АЗС «РН-Москва» на Волгоградском проспекте, дом 48, корпус 2",Юго-Восточный административный округ,район Кузьминки,"Волгоградский проспект, дом 48, корпус 2",АО «РН-Москва»,08.05.2018,37.747586146,55.707448443
264,878657528,"Автомобильная заправочная станция «РН-Москва» на улице Вольная, владение 39","АЗС «РН-Москва» на улице Вольная, владение 39",Восточный административный округ,район Соколиная Гора,"улица Вольная, владение 39",АО «РН-Москва»,08.05.2018,37.742374823,55.778413289
265,878657572,"Автомобильная заправочная станция «РН-Москва» на улице Бутлерова, дом 19А, строение 1","АЗС «РН-Москва» на улице Бутлерова, дом 19А, строение 1",Юго-Западный административный округ,район Коньково,"улица Бутлерова, дом 19А, строение 1",АО «РН-Москва»,11.05.2018,37.540805189,55.64737751
266,878657591,"Автомобильная заправочная станция «РН-Москва» на улице Рябиновая, дом 73","АЗС «РН-Москва» на улице Рябиновая, дом 73",Западный административный округ,район Очаково-Матвеевское,"улица Рябиновая, дом 73",АО «РН-Москва»,11.05.2018,37.436374524,55.676443451
267,878657952,"Автомобильная заправочная станция «РН-Москва» на улице Народного Ополчения, дом 51","АЗС «РН-Москва» на улице Народного Ополчения, дом 51",Северо-Западный административный округ,район Щукино,"улица Народного Ополчения, дом 51",АО «РН-Москва»,11.05.2018,37.496935644,55.796459041
268,878658329,Автомобильная заправочная станция «РН-Москва» на 23-м километре Киевского шоссе,АЗС «РН-Москва» на 23-м километре Киевского шоссе,Новомосковский административный округ,поселение Московский,23-й километр Киевского шоссе,АО «РН-Москва»,15.05.2018,37.390152359,55.618988536
269,878658619,Автомобильная заправочная станция «РН-Москва» на 29-м километре Московской кольцевой автомобильной дороги,АЗС «РН-Москва» на 29-м километре Московской кольцевой автомобильной дороги,Южный административный округ,район Бирюлёво Восточное,29-й километр Московской кольцевой автомобильной дороги,АО «РН-Москва»,15.05.2018,37.651833568,55.572371829
270,878658785,"Автомобильная заправочная станция «РН-Москва» на Каширском шоссе, дом 61, корпус 5","АЗС «РН-Москва» на Каширском шоссе, дом 61, корпус 5",Южный административный округ,район Орехово-Борисово Северное,"Каширское шоссе, дом 61, корпус 5",АО «РН-Москва»,15.05.2018,37.717537038,55.612443361
271,889967278,"Автомобильная заправочная станция «ВЕМЕС» на Бережсковской набережной, дом 30Б","АЗС «ВЕМЕС» на Бережсковской набережной, дом 30Б",Западный административный округ,район Дорогомилово,"Бережсковская набережная, дом 30Б",ООО «ВЕМЕС»,10.08.2018,37.546080916,55.730580131
272,889967370,"Автомобильная заправочная станция «ВЕМЕС» на 52-м километре Московской кольцевой автомобильной дороги, вл. 3","АЗС «ВЕМЕС» на 52-м километре Московской кольцевой автомобильной дороги, вл. 3",Западный административный округ,район Очаково-Матвеевское,"52-й километр Московской кольцевой автомобильной дороги, вл. 3",ООО «ВЕМЕС»,10.08.2018,37.399139246,55.700840871
273,889967498,"Автомобильная заправочная станция «ТД Нефтьмагистраль» в Канатчиковском проезде, вл. 5","АЗС «ТД Нефтьмагистраль» в Канатчиковском проезде, вл. 5",Южный административный округ,Донской район,"Канатчиковский проезд, вл. 5",ООО «ТД Нефтьмагистраль»,07.09.2018,37.592223639,55.702263142
274,905396120,"Автомобильная заправочная станция «ЛАМБА» на 31-м километре Московской кольцевой автомобильной дороги, вл. 8, стр. 1","АЗС «ЛАМБА» на 31-м километре Московской кольцевой автомобильной дороги, вл. 8, стр. 1",Южный административный округ,район Бирюлёво Западное,"31-й километр Московской кольцевой автомобильной дороги, вл. 8, стр. 1",ООО «ЛАМБА»,01.11.2018,37.62078794,55.575339712
275,905396163,"Автомобильная заправочная станция «РАСА» на 53-м километре Московской кольцевой автомобильной дороги, д. 6Б, стр. 1","АЗС «РАСА» на 53-м километре Московской кольцевой автомобильной дороги, д. 6Б, стр. 1",Западный административный округ,Можайский район,"53-й километр Московской кольцевой автомобильной дороги, д. 6Б, стр. 1",ООО «РАСА»,02.11.2018,37.394587151,55.706581402
276,905396280,"Автомобильная заправочная станция «Татнефть-АЗС-Запад» на Ленинградском шоссе, д. 77А","АЗС «Татнефть-АЗС-Запад» на Ленинградском шоссе, д. 77А",Северный административный округ,район Левобережный,"Ленинградское шоссе, д. 77А",ООО «Татнефть-АЗС-Запад»,07.11.2018,37.445849814,55.880248516
277,905396281,"Автомобильная заправочная станция «Шелл Нефть» на Ленинградском шоссе, д. 71, стр. 1","АЗС «Шелл Нефть» на Ленинградском шоссе, д. 71, стр. 1",Северный административный округ,район Левобережный,"Ленинградское шоссе, д. 71, стр. 1",ООО «Шелл Нефть»,07.11.2018,37.476430818,55.844803502
278,905396326,"Автомобильная заправочная станция «ТК Булл» на 33-м километре Московской кольцевой автомобильной дороги, вл. 10","АЗС «ТК Булл» на 33-м километре Московской кольцевой автомобильной дороги, вл. 10",Южный административный округ,район Чертаново Южное,"33-й километр Московской кольцевой автомобильной дороги, вл. 10",ООО «ТК Булл»,07.11.2018,37.586949794,55.578384289
279,905396582,"Автомобильная заправочная станция «НБА-Северо-Запад» на Ленинградском шоссе, д. 286В","АЗС «НБА-Северо-Запад» на Ленинградском шоссе, д. 286В",Северный административный округ,Молжаниновский район,"Ленинградское шоссе, д. 286В",ООО «НБА-Северо-Запад»,08.11.2018,37.367685645,55.939499369
280,905396678,"Автомобильная заправочная станция «ТД Нефтьмагистраль» на Ленинградском шоссе, д. 23А","АЗС «ТД Нефтьмагистраль» на Ленинградском шоссе, д. 23А",Северный административный округ,Войковский район,"Ленинградское шоссе, д. 23А",ООО «ТД Нефтьмагистраль»,15.11.2019,37.492556912,55.824492364
281,905396699,"Автомобильная заправочная станция «ЛАНА ТЭК» на Лианозовском проезде, вл. 12","АЗС «ЛАНА ТЭК» на Лианозовском проезде, вл. 12",Северо-Восточный административный округ,район Лианозово,"Лианозовский проезд, вл. 12",ООО «ЛАНА ТЭК»,21.11.2018,37.545778672,55.900903095
282,905396725,Автомобильная заправочная станция «АЗС Трейд» на 34-м километре Киевского шоссе,АЗС «АЗС Трейд» на 34-м километре Киевского шоссе,Новомосковский административный округ,поселение Московский,34-й километр Киевского шоссе,ООО «АЗС Трейд»,23.11.2018,37.237658094,55.579021502
283,918049710,"Автомобильная заправочная станция «Фортекс» на 35-м километре Калужского шоссе, владение 1Б","АЗС «Фортекс» на 35-м километре Калужского шоссе, владение 1Б",Новомосковский административный округ,поселение Десеновское,"35-й километр Калужского шоссе, владение 1Б",ООО «Фортекс»,25.01.2019,37.347770575,55.509459826
284,918049807,"Автомобильная заправочная станция «Атлант Петролеум 2» на Калужском шоссе, дом 21","АЗС «Атлант Петролеум 2» на Калужском шоссе, дом 21",Новомосковский административный округ,поселение Десеновское,"Калужское шоссе, дом 21",ООО «Атлант Петролеум 2»,01.02.2019,37.30877078,55.471158885
285,918049811,"Автомобильная заправочная станция «РН-Москва» на Каспийской улице, владение 2А","АЗС «РН-Москва» на Каспийской улице, владение 2А",Южный административный округ,район Москворечье-Сабурово,"Каспийская улица, владение 2А",АО «РН-Москва»,01.03.2019,37.686379316,55.639250207
286,918049819,"Автомобильная заправочная станция «АЗС Трейд» на 34-м километре Киевского шоссе, п. Марушкинское","АЗС «АЗС Трейд» на 34-м километре Киевского шоссе, п. Марушкинское",Новомосковский административный округ,поселение Марушкинское,34-й километр Киевского шоссе,ООО «АЗС Трейд»,01.03.2019,37.237699516,55.579014893
287,930770748,"Автомобильная заправочная станция «ТрансАЗС» на 93-м километре Московской Кольцевой Автодороги, владение 10","АPC «ТрансАЗС» на 93-м километре Московской Кольцевой Автодороги, владение 10",Северо-Восточный административный округ,Лосиноостровский район,"93-й километре Московской Кольцевой Автодороги, владение 10",ЗАО «ТрансАЗС»,09.04.2019,37.705016911,55.891404231
288,930770779,Автомобильная заправочная станция «ТК БУЛЛ» на 33-м километре Московской Кольцевой Автодороги,АPC «ТК БУЛЛ» на 33-м километре Московской Кольцевой Автодороги,Южный административный округ,район Чертаново Южное,33-й километр Московской Кольцевой Автодороги,ООО «ТК БУЛЛ»,16.04.2019,37.587106666,55.57843824
289,930770857,"Автомобильная заправочная станция «АЗС Энерджи» на улице генерала Белобородова, дом 40","АPC «АЗС Энерджи» на улице генерала Белобородова, дом 40",Северо-Западный административный округ,район Митино,"улица генерала Белобородова, дом 40",ООО «АЗС Энерджи»,18.04.2019,37.35335861,55.826080115
290,930770867,"Автомобильная заправочная станция «АЗС Энерджи» на Пятницком шоссе, дом 2","АЗC «АЗС Энерджи» на Пятницком шоссе, дом 2",Северо-Западный административный округ,район Митино,"Пятницкое шоссе, дом 2",ООО «АЗС Энерджи»,18.04.2019,37.389085049,55.835077195
291,930770911,"Автомобильная заправочная станция «ПНК Магистраль» поселение Вороновское, деревня Ясенки, дом 1","АЗC «ПНК Магистраль» поселение Вороновское, деревня Ясенки, дом 1",Троицкий административный округ,поселение Вороновское,"поселение Вороновское, деревня Ясенки, дом 1",ООО «ПНК Магистраль»,17.05.2019,37.424867271,55.389983262
292,930770957,"Автомобильная заправочная станция «Лукойл-ЦНП» на Дмитровском шоссе, дом 167 А","АЗC «Лукойл-ЦНП» на Дмитровском шоссе, дом 167 А",Северо-Восточный административный округ,район Северный,"Дмитровское шоссе, дом 167 А",ООО «Лукойл-ЦНП»,24.05.2019,37.542665086,55.91762103
293,930770982,Автомобильная заправочная станция «АВИС-АМ» на 32-м километре Московской Кольцевой Автодороги,"АPC «АВИС-АМ» на 32-м километре Московской Кольцевой Автодороги, владение 7",Южный административный округ,район Чертаново Южное,"32-й километр Московской Кольцевой Автодороги, владение 7",ООО «АВИС-АМ»,07.06.2019,37.604636411,55.57499962
294,1011670329,"Автомобильная заправочная станция «РН-Москва» на Аминьевском шоссе, владение 4Б","АPC «РН-Москва» на Аминьевском шоссе, владение 4Б",Западный административный округ,район Очаково-Матвеевское,"Аминьевское шоссе, владение 4Б",АО «РН-Москва»,06.08.2019,37.461857342,55.698897368
295,1011670330,"Автомобильная заправочная станция «Нафта Инжиниринг» в Краснокурсантском 1-м проезде, владение 2, строение 1","АPC «Нафта Инжиниринг» в Краснокурсантском 1-м проезде, владение 2, строение 1",Юго-Восточный административный округ,район Лефортово,"Краснокурсантский 1-й проезд, владение 2, строение 1",ООО «Нафта Инжиниринг»,30.08.2019,37.692363639,55.756906847
296,1026789491,"Автомобильная заправочная станция «Фортекс» на Болотниковской улице, владение 36В","АЗС «Фортекс» на Болотниковской улице, владение 36В",Юго-Западный административный округ,район Зюзино,"Болотниковская улица, владение 36В",ООО «Фортекс»,25.10.2019,37.591483409,55.659685497
297,1034718965,"Автомобильная заправочная станция «ИП Филатов В.А.» в пос. Ерино на улице Высокая, дом 100","АЗС «ИП Филатов В.А.» в пос. Ерино на улице Высокая, дом 100",Новомосковский административный округ,поселение Рязановское,"пос. Ерино на улице Высокая, дом 100",ИП Филатов В.А.,24.01.2020,37.527961969,55.449974139
298,1034718966,Автомобильная заправочная станция ООО «АЗС Энерджи» на 41-м километре Калужского шоссе,АЗС ООО «АЗС Энерджи» на 41-м километре Калужского шоссе,Троицкий административный округ,поселение Троицк,41-й километр Калужского шоссе,ООО «АЗС Энерджи»,28.01.2020,37.299608579,55.466553258
299,1034718968,Автомобильная заправочная станция ООО «ТД Нефтьмагистраль»в пос. Щапово на Садовом б-ре д. 5А стр. 1,АЗС ООО «ТД Нефтьмагистраль»в пос. Щапово на Садовом б-ре д. 5А стр. 1,Троицкий административный округ,поселение Щаповское,пос. Щапово на Садовом бульваре дом 5А строение 1,ООО «ТД Нефтьмагистраль»,07.02.2020,37.403155499,55.422413206
300,1034718969,"Автомобильная заправочная станция ООО «ВЭСКА» на Краснополянской ул., вл. 1","АЗС ООО «ВЭСКА» на Краснополянской ул., вл. 1",Северный административный округ,Дмитровский район,"Краснополянская ул., вл. 1",ООО «ВЭСКА»,14.02.2020,37.48409195,55.884496777
301,1034718972,"Автомобильная заправочная станция ООО «Шелл Нефть» на Ленинградском ш., вл. 47А","АЗС ООО «Шелл Нефть» на Ленинградском ш., вл. 47А",Северный административный округ,Головинский район,"Ленинградское ш., вл. 47А",ООО «Шелл Нефть»,06.03.2020,37.476436761,55.844816897
302,1047294241,"Автомобильная заправочная станция «РН-Москва» на улице Академика Скрябина, дом 11","АЗС «РН-Москва» на улице Академика Скрябина, дом 11",Юго-Восточный административный округ,район Кузьминки,"ул. Академика Скрябина, дом 11",АО «РН-Москва»,19.06.2020,37.796313829,55.711708663
303,1047294375,"Автомобильная заправочная станция «РАСА» на Балаклавском проспекте, владение 11","АЗС «РАСА» на Балаклавском проспекте, владение 11",Южный административный округ,район Чертаново Северное,"Балаклавский проспект, владение 11",ООО «РАСА»,25.06.2020,37.593407331,55.641294958
304,1067005126,Автомобильная заправочная станция «Лукойл-Центрнефтепродукт»,АЗС «Лукойл-Центрнефтепродукт»,Южный административный округ,район Нагатино-Садовники,"Коломенский пр-д, вл. 3А",ООО «Лукойл-Центрнефтепродукт»,07.08.2020,37.656033421,55.66711876
305,1082872648,"Автомобильная заправочная станция «Авангард» на Харьковском проезде, владение 2А","АЗС «Авангард» на Харьковском проезде, владение 2А",Южный административный округ,район Бирюлёво Западное,"Харьковский проезд, владение 2А",ООО «Авангард»,13.10.2020,37.670247763,55.631764466
306,1082873127,"Автомобильная заправочная станция «Газпромнефть-Центр» на улице Наметкина, владение 10В","АЗС «Газпромнефть-Центр» на улице Наметкина, владение 10В",Юго-Западный административный округ,Обручевский район,"улица Наметкина, владение 10В",ООО «Газпромнефть - Центр»,10.11.2020,37.554413159,55.660036231
307,1082873131,"Автомобильная заправочная станция «Глобал» на улице Полярная, дом 37Г, строение 1","АЗС «Глобал» на улице Полярная, дом 37Г, строение 1",Северо-Восточный административный округ,район Северное Медведково,"улица Полярная, дом 37Г, строение 1",ООО «Глобал»,18.12.2020,37.645747604,55.889928248
308,1105864580,"Автомобильная заправочная станция «Глобал» на 94-м км МКАД, владение 6","АЗС «Глобал» на 94-м км МКАД, владение 6",Северо-Восточный административный округ,Лосиноостровский район,"94-й км МКАД, владение 6",ООО «Глобал»,22.01.2021,37.722406993,55.883408481
309,1105945754,"Автомобильная заправочная станция «Глобал» на Ростокинском проезде, владение 11, строение 1","АЗС «Глобал» на Ростокинском проезде, владение 11, строение 1",Северо-Восточный административный округ,район Ростокино,"Ростокинский проезд, владение 11, строение 1",ООО «Глобал»,05.02.2021,37.677870486,55.817998292
310,1106046273,"Автомобильная заправочная станция «ГАЗ Макси Трейд» на проспекте Андропова, дом 51","АЗС «ГАЗ Макси Трейд» на проспекте Андропова, дом 51",Южный административный округ,район Нагатино-Садовники,"проспект Андропова, дом 51",ООО «ГАЗ Макси Трейд»,12.02.2021,37.657012423,55.652251036
311,1106318340,"Автомобильная заправочная станция «ГАЗ Макси Трейд» на Липецкой улице, дом 3","АЗС «ГАЗ Макси Трейд» на Липецкой улице, дом 3",Южный административный округ,район Царицыно,"Липецкая улица, дом 3",ООО «ГАЗ Макси Трейд»,22.06.2021,37.667058648,55.607856861
312,1139075882,"Автомобильная заправочная станция «РН-Москва» Братеевской улице, владение 4, строение 1","АЗС «РН-Москва» Братеевской улице, владение 4, строение 1",Южный административный округ,район Братеево,"Братеевская улица, владение 4, строение 1",АО «РН-Москва»,27.07.2021,37.753549366,55.630695332
313,1139077248,Автомобильная заправочная станция «АВИС-АМ» на 32-м км МКАД,АЗС «АВИС-АМ» на 32-м км МКАД,Южный административный округ,район Чертаново Южное,32-й км МКАД,ООО «АВИС-АМ»,17.08.2021,37.604641217,55.575028722
314,1139077790,Автомобильная заправочная станция «Шелл Нефть» на 39-м км Калужского шоссе,Автомобильная заправочная станция «Шелл Нефть» на 39-м км Калужского шоссе,Троицкий административный округ,поселение Троицк,39-й км Калужского шоссе,ООО «Шелл Нефть»,15.06.2021,37.317861692,55.476856655
315,1266739237,"Автомобильная заправочная станция «АМИЛКАР» на Научном проезде, дом 2А","АЗС «АМИЛКАР» на Научном проезде, дом 2А",Юго-Западный административный округ,Обручевский район," Научный проезд, дом 2А",ООО «АМИЛКАР»,26.10.2021,37.544005814,55.65469765
